,region_id,region_name,station_name,station_id,delta_1,delta_2,delta_3,delta_4,delta_5,delta_6,delta_7,delta_8,delta_9,delta_10,delta_11,delta_12,rrr24_1,rrr24_2,rrr24_3,rrr24_4,rrr24_5,rrr24_6,rrr24_7,rrr24_8,rrr24_9,rrr24_10,rrr24_11,rrr24_12,tm_1,tm_2,tm_3,tm_4,tm_5,tm_6,tm_7,tm_8,tm_9,tm_10,tm_11,tm_12,tmax_1,tmax_2,tmax_3,tmax_4,tmax_5,tmax_6,tmax_7,tmax_8,tmax_9,tmax_10,tmax_11,tmax_12,tmin_1,tmin_2,tmin_3,tmin_4,tmin_5,tmin_6,tmin_7,tmin_8,tmin_9,tmin_10,tmin_11,tmin_12,lat,lon,station_elevation,tm_spring,tm_summer,tm_autumn,tm_winter,tm_annual,rrr24_spring,rrr24_summer,rrr24_autumn,rrr24_winter,rrr24_annual,delta_spring,delta_summer,delta_autumn,delta_winter,delta_annual,cluster,cluster_hier,geometry
0,ALKK,Alborz,Hashtgerd,99396,7.903157894736843,8.41,9.458421052631579,10.45315789473684,11.929473684210526,14.082105263157896,14.332105263157896,13.371052631578948,12.427368421052634,10.459473684210527,7.901052631578948,7.454736842105262,9.253531643900995,9.522789239907432,9.689953107516635,9.977382215483853,7.992336411019696,4.472090636207145,3.4705003610919007,3.5985590941339174,4.4949738120550355,7.913228916757087,9.546987893577608,9.044430503745627,2.0142105263157895,4.071052631578947,9.061052631578947,14.14684210526316,19.646315789473682,25.55578947368421,27.726842105263156,26.79157894736842,23.19736842105263,16.42736842105263,8.457894736842105,3.901578947368421,5.984736842105264,8.192631578947369,13.51736842105263,19.036315789473683,24.852105263157895,31.37578947368421,33.82157894736842,32.567894736842106,28.74105263157895,21.405263157894737,12.450000000000001,7.640526315789473,-1.918421052631579,-0.21736842105263163,4.058947368421053,8.583157894736843,12.92263157894737,17.293684210526315,19.489473684210527,19.19684210526316,16.313684210526315,10.94578947368421,4.548947368421053,0.1857894736842105,36.01,50.75,1612.9,14.284736842105263,26.69140350877193,16.027543859649125,3.3289473684210527,15.083157894736841,13.413901071275152,5.623540362010292,11.335399469520805,13.380788538770364,18.60852694168173,10.613684210526316,13.92842105263158,10.26263157894737,7.922631578947368,10.681842105263158,0,0,POINT (50.75 36.01)
1,ALKK,Alborz,Karaj,40752,9.2135,9.9535,11.384500000000001,12.716999999999999,14.428999999999998,16.327000000000005,16.4435,15.752499999999998,15.028500000000001,12.766,9.747,9.182,8.493882564900215,8.924847452714655,8.930953117011203,9.283022945019038,7.326444402927919,4.26038980467664,3.769469116379449,3.869096108343178,3.9369273543637227,7.417526026473521,8.73678003663825,8.2274314310255,3.0305,5.2475000000000005,10.5465,15.510499999999999,20.581,26.210500000000003,28.381,27.267500000000002,23.5035,17.131999999999998,9.5015,5.008,7.737,10.294,16.178,21.804,27.6315,34.111000000000004,36.473,35.044,31.060000000000002,23.7835,14.638,9.8345,-1.4765000000000001,0.3405,4.7935,9.087,13.2025,17.784,20.0295,19.2915,16.0315,11.0175,4.891,0.6525000000000001,35.81,50.95,1292.9,15.546,27.286333333333335,16.71233333333333,4.4286666666666665,15.993333333333334,12.397714632587364,5.736869851036115,10.434268125801509,12.343346304161154,17.225383918704118,12.8435,16.174333333333333,12.513833333333332,9.449666666666666,12.745333333333333,3,0,POINT (50.95 35.81)
2,MAAA,Markazi,Arak,40769,11.172,11.7005,12.905,13.443000000000001,15.073,16.861,15.965499999999995,16.422,17.39,15.521499999999998,11.8335,11.037,8.779713946779346,9.024378351044682,9.958696301999554,9.950185597911712,7.625846900467721,4.152642629063049,3.216258401058526,2.402081527496116,2.9341193944784747,7.072778127527422,9.072500810639589,8.909378658685291,0.6655,3.8600000000000003,9.3645,13.9845,19.0805,25.128,28.408499999999997,26.9015,22.687,16.182499999999997,8.162,3.6205,6.2955,9.727,15.815999999999999,20.716,26.6175,33.557,36.388999999999996,35.11,31.3815,23.9425,14.0935,9.129000000000001,-4.8765,-1.9735,2.911,7.273000000000001,11.5445,16.696,20.4235,18.688,13.991499999999998,8.421000000000001,2.2600000000000002,-1.908,34.07,49.78,1702.8,14.143166666666668,26.81266666666666,15.677166666666666,2.7153333333333336,14.837083333333334,13.418827029319635,4.915099886995602,10.402976219205367,12.844114551094588,17.94607316795392,13.807,16.416166666666665,14.915,11.303166666666668,14.110333333333331,3,0,POINT (49.78 34.07)
3,MAAA,Markazi,Delijan,99461,12.3465,12.7885,13.821499999999999,14.018999999999997,15.4255,16.201500000000003,14.666,15.187999999999995,16.5895,15.294500000000003,12.261000000000001,12.164,7.095361646794719,7.386315102424508,8.320142687395117,8.159957468059744,6.986026546414374,4.242315988785857,2.9395300589358744,2.5672418643028885,1.939877414580333,5.8959850113794605,7.755798643307012,7.0485737268642215,3.176,5.583,10.818000000000001,15.6735,20.9945,27.0645,30.294,28.6375,24.2275,17.349,9.686,5.3055,9.348,11.976,17.7275,22.682499999999997,28.7,35.167500000000004,37.624,36.2285,32.522,24.990000000000002,15.803,11.3835,-2.9985,-0.8125,3.906,8.6635,13.2745,18.966,22.958000000000002,21.0405,15.9325,9.6955,3.5420000000000003,-0.7805,33.98,50.69,1524.3,15.828666666666669,28.665333333333333,17.0875,4.688166666666667,16.567416666666663,11.345093521225678,4.91413384178726,8.788440400577217,10.355169455854131,14.989741133458171,14.421999999999997,15.351833333333332,14.715000000000002,12.433,14.230458333333331,2,1,POINT (50.69 33.98)
4,MAAA,Markazi,Khomeyn,99443,11.54,11.7515,12.688,13.587,15.473999999999998,18.203999999999997,17.385499999999997,17.781000000000002,18.036,15.623999999999999,11.974,11.808,8.602451077089324,8.947471795078345,9.340494787067756,9.304788069009348,6.999387701545117,4.483063911738949,2.8272842881255507,2.6730748660601886,3.332522024771768,6.747461322413994,9.280894991465907,9.102169108169177,1.1774999999999998,3.9189999999999996,8.7195,13.054499999999999,17.86,23.7225,27.198,25.6025,21.676499999999997,15.486500000000001,8.106,3.693,6.9475,9.795,15.0775,19.8495,25.592,32.821,35.888999999999996,34.4915,30.6975,23.294999999999998,14.091,9.59,-4.592499999999999,-1.9565000000000001,2.3895,6.2625,10.118,14.617,18.5035,16.7105,12.6615,7.670999999999999,2.117,-2.218,33.62,50.07,1834.6,13.211333333333334,25.507666666666665,15.089666666666666,2.9298333333333333,14.184625000000002,12.521924190574364,5.0890705327536825,10.457484927005995,12.820045089944546,17.48527741341716,13.916333333333332,17.790166666666664,15.211333333333334,11.699833333333332,14.654416666666664,3,0,POINT (50.07 33.62)
5,MAAA,Markazi,Komijan,99432,11.8435,12.212,13.927,14.896315789473682,16.79578947368421,18.769999999999996,17.011499999999998,17.165,18.470999999999997,16.381,12.102,11.744,7.998489298073752,8.961813514720408,9.300859364839843,9.669425820915176,7.897333929182951,3.8507504018831273,3.6627874492403825,3.1427312031391987,2.4749498340340343,7.40709084140957,9.281127179274602,8.373537280746099,-0.535,2.0140000000000002,7.1705,11.73157894736842,16.49473684210526,22.87421052631579,26.932499999999997,25.823,21.1475,14.598500000000001,7.0424999999999995,2.5715,5.3905,8.123999999999999,14.125499999999999,19.17736842105263,24.89157894736842,32.25894736842105,35.436,34.407,30.381999999999998,22.7885,13.0875,8.436499999999999,-6.453,-4.088,0.1985,4.281052631578947,8.09578947368421,13.488947368421053,18.424500000000002,17.241999999999997,11.911,6.407500000000001,0.9855,-3.3075,34.71,49.31,1741.0,11.798938596491226,25.20990350877193,14.262833333333333,1.3501666666666665,13.155460526315787,13.008259051619765,5.158646360869167,10.688274341715656,12.206137733991055,17.52033554398609,15.20636842105263,17.648833333333332,15.651333333333332,11.933166666666665,15.109925438596491,3,0,POINT (49.31 34.71)
6,MAAA,Markazi,Mahallat,40891,10.455789473684211,11.16578947368421,12.065263157894735,12.411578947368422,13.551578947368421,14.642631578947363,13.821578947368426,14.229473684210529,14.802105263157891,13.347894736842107,10.644736842105264,10.231052631578947,7.068043914944477,7.901447152503528,8.301949510610438,8.388722583594195,6.813223978272834,4.7238264958024985,3.723396904892133,2.148674141977933,3.094057293558954,5.944676640677889,8.006817105900002,7.4118873949031645,3.5652631578947367,5.824736842105263,10.706842105263158,15.35578947368421,20.70842105263158,26.594736842105263,29.54736842105263,27.948947368421052,24.087894736842106,17.597894736842107,9.817894736842105,5.403157894736842,8.792631578947368,11.42,16.75052631578947,21.560526315789474,27.484210526315792,33.91736842105263,36.457368421052635,35.066315789473684,31.49473684210526,24.272105263157897,15.140526315789474,10.51842105263158,-1.6631578947368422,0.2542105263157895,4.685263157894736,9.148947368421052,13.93263157894737,19.274736842105266,22.63578947368421,20.836842105263155,16.69263157894737,10.92421052631579,4.49578947368421,0.28736842105263155,33.89,50.48,1622.0,15.590350877192982,28.030350877192983,17.167894736842104,4.931052631578948,16.429912280701753,11.392906225908472,5.506328802861756,9.097741258017289,10.782476154039696,15.400092763819703,12.676140350877192,14.231228070175439,12.931578947368422,10.617543859649123,12.614122807017543,3,0,POINT (50.48 33.89)
7,MAAA,Markazi,Saveh,99372,10.2555,10.663684210526316,11.591894736842105,12.367921052631578,13.441499999999998,13.802,12.9435,12.962,13.301499999999997,12.333999999999998,10.124500000000001,10.0905,7.505773332455083,7.978222018737721,8.10928164295192,8.021297418847531,5.930778543533227,3.1840350660683594,3.2654491274529507,1.885203631020986,2.4771246592603413,5.829948149277935,8.044182621118306,7.564597578566829,4.931,7.3373684210526315,12.723157894736843,18.280526315789473,24.2115,29.8615,32.6495,31.044999999999998,26.873,20.037,11.7585,6.769499999999999,10.0945,12.713684210526315,18.627894736842105,24.45842105263158,30.814999999999998,36.7645,39.1175,37.518,33.525999999999996,26.189999999999998,16.811500000000002,11.807500000000001,-0.16099999999999998,2.05,7.036,12.0905,17.3735,22.9625,26.174,24.556,20.2245,13.856,6.687,1.7169999999999999,35.08,50.37,1111.6,18.40506140350877,31.185333333333332,19.556166666666666,6.345956140350876,18.87312938596491,10.795048026998874,4.194550756125289,9.020037659441293,11.088948229400994,15.079884915875759,12.467105263157896,13.235833333333332,11.919999999999996,10.336561403508773,11.989875,2,1,POINT (50.37 35.08)
8,MAAA,Markazi,Tafresh,99409,9.485,9.401499999999999,10.078,10.818000000000001,12.137500000000001,13.117000000000004,11.527500000000003,11.831000000000003,12.94,11.753999999999998,9.391000000000002,9.4645,8.404749770279844,8.965339942423224,10.256054325254999,9.603846837948504,7.89765459403344,4.458046293182285,3.3471647504108475,3.4313139432434188,3.184692517060835,7.282965221245167,9.166529290870528,8.431983133404493,0.8780000000000001,2.7635,7.453,12.0435,17.217,23.521,26.936500000000002,25.727999999999998,21.6255,15.016,7.106,3.1825,5.619,7.462999999999999,12.485,17.452,23.283,30.079500000000003,32.698,31.642000000000003,28.0965,20.891,11.8,7.9125,-3.8659999999999997,-1.9385000000000001,2.407,6.634,11.1455,16.9625,21.170499999999997,19.811,15.1565,9.137,2.409,-1.552,34.68,50.04,1979.7,12.237833333333333,25.395166666666668,14.582500000000001,2.2746666666666666,13.622541666666665,13.49419045869206,5.501377065655941,10.593481217963987,12.415580484439358,17.890633135964976,11.011166666666668,12.158500000000004,11.361666666666665,9.450333333333333,10.995416666666669,3,0,POINT (50.04 34.68)
9,MASA,Mazandaran,Alasht,99361,8.888499999999999,8.687,8.971499999999999,9.267,8.962,8.673499999999997,7.741999999999999,8.4245,8.657,8.408,8.171499999999998,8.6055,9.719329437163683,10.705200255597404,10.57834072627653,8.898446894751157,9.302284866585364,9.087782985750597,9.383167401098568,8.589955823724551,8.970396560184602,9.502787732195706,10.49248139001026,9.599146336128662,2.4665,2.9375,6.5525,10.8335,14.928999999999998,18.104,19.3565,19.6065,17.25,13.055000000000001,7.4815,4.414,6.922499999999999,7.2955,11.0465,15.494499999999999,19.4195,22.447,23.226,23.8215,21.582,17.2655,11.5705,8.744,-1.966,-1.3915,2.075,6.2275,10.4575,13.773500000000002,15.484,15.397,12.925,8.8575,3.399,0.13849999999999998,36.07,52.84,1805.0,10.771666666666667,19.022333333333332,12.5955,3.2726666666666664,11.415541666666664,13.913204504476894,13.026572865220844,13.984847551731349,14.469567564635227,22.014006232597747,9.066833333333333,8.28,8.412166666666666,8.726999999999999,8.621499999999997,0,0,POINT (52.84 36.07)
10,MASA,Mazandaran,Amol,99309,9.9885,8.7945,8.5055,8.624499999999998,8.1845,8.710000000000004,9.1155,10.203500000000005,9.007000000000001,9.804,9.919499999999998,9.9515,11.121760197872385,11.070130445887976,10.48578575498695,8.524450935418036,8.032472182999452,6.877318226478564,7.667972892328041,8.241098449094714,10.796277866864012,13.012138563643159,13.267192586520727,10.932339497541033,8.2385,8.6465,12.027,16.1455,21.442500000000003,25.442,27.073500000000003,27.4075,24.673,19.6525,13.873500000000002,9.9635,13.235,13.066999999999998,16.281,20.4565,25.535,29.797000000000004,31.631,32.510000000000005,29.174,24.552500000000002,18.833,14.9405,3.2464999999999997,4.2725,7.775499999999999,11.832,17.3505,21.087,22.5155,22.3065,20.166999999999998,14.748500000000002,8.9135,4.989,36.48,52.47,23.7,16.538333333333334,26.641000000000002,19.399666666666665,8.949499999999999,17.882125000000002,13.18211152015402,11.013317204287961,17.963754223019833,15.925302855392085,23.78877728069127,8.438166666666666,9.343000000000004,9.576833333333333,9.578166666666666,9.234041666666668,0,2,POINT (52.47 36.48)
11,MASA,Mazandaran,Babolsar,40736,7.421999999999999,6.271,6.047500000000001,6.2734999999999985,6.3004999999999995,6.974,7.242500000000003,7.756,7.4019999999999975,7.752500000000001,7.772,7.5645,12.736551242733224,11.663009284406385,10.349259750864586,8.255845260680708,7.1701179218701405,7.219954931515291,8.589413691103555,9.563271115568073,12.497407462337051,14.43530432055478,13.886410817145105,12.472044191096098,9.16,9.3245,12.270999999999999,15.9085,21.310499999999998,25.8875,27.633,27.7925,25.157,20.165,14.657500000000002,10.897499999999999,12.875499999999999,12.4635,15.302000000000001,19.0445,24.4625,29.373,31.253500000000003,31.668,28.857499999999998,24.0455,18.546,14.7035,5.4535,6.1925,9.2545,12.771,18.162,22.399,24.011,23.912,21.4555,16.293,10.774,7.139,36.7,52.64,-21.0,16.496666666666666,27.104333333333333,19.993166666666667,9.793999999999999,18.347041666666666,12.682257656099573,12.352266189608773,19.69337301897633,17.750296893797476,25.790626164182193,6.207166666666666,7.324166666666668,7.642166666666665,7.085833333333333,7.0648333333333335,0,2,POINT (52.64 36.7)
12,MASA,Mazandaran,Bandar-E-Amirabad,99306,7.834,6.828,6.735000000000003,6.9015,7.139000000000003,7.4935000000000045,7.339999999999996,8.264499999999998,8.1675,8.365,8.231499999999997,7.936999999999999,11.505630513116845,11.084582116940648,10.537432531896455,8.057142946963001,6.584306146187709,6.6124802119182995,7.565121805704928,8.239625772428424,9.717035286102107,12.368978126489862,12.164651779513962,11.376240656853064,8.2295,8.5755,11.764,15.408000000000001,21.059,25.665499999999998,27.749000000000002,27.807499999999997,25.2805,19.9645,13.940999999999999,10.0215,12.147499999999999,11.9955,15.129500000000002,18.858,24.6275,29.410000000000004,31.420499999999997,31.939,29.3625,24.146,18.057499999999997,13.991,4.3134999999999994,5.1674999999999995,8.394499999999999,11.9565,17.4885,21.9165,24.0805,23.674500000000002,21.195,15.781,9.826,6.054,36.86,53.39,-20.0,16.077,27.074,19.72866666666667,8.942166666666665,17.955458333333333,12.554006329270564,10.861881835045732,16.64301757019704,16.333307880935855,23.03795874325109,6.925166666666669,7.699333333333333,8.254666666666665,7.533,7.603041666666666,0,2,POINT (53.39 36.86)
13,MASA,Mazandaran,Galugah,99299,9.993500000000001,9.265,9.621,10.0495,10.665499999999998,10.382499999999997,9.3235,10.4295,10.086000000000002,10.4765,10.166499999999997,9.922,10.143368070161909,10.640558980940698,10.537642666952785,9.10824033203152,8.098877048003867,8.049947918339022,6.9171177590027115,6.711837689982927,10.286733162590757,11.816084548045689,11.847918712017801,10.203593505085433,7.848999999999999,8.39,11.809000000000001,15.6785,21.2805,25.9295,27.858999999999998,27.76,25.0225,19.47,13.403,9.491,12.8445,13.018,16.603,20.7015,26.6175,31.113999999999997,32.5205,32.9705,30.067500000000003,24.7045,18.494999999999997,14.446000000000002,2.851,3.753,6.982000000000001,10.652,15.952000000000002,20.7315,23.197,22.541,19.9815,14.228,8.3285,4.524,36.74,53.84,-10.0,16.256,27.182833333333335,19.2985,8.576666666666666,17.828500000000002,13.493751108868908,10.49196664451162,16.388163181927382,14.904129300098429,22.45606570852354,10.112,10.045166666666665,10.243,9.726833333333333,10.031749999999999,0,2,POINT (53.84 36.74)
14,MASA,Mazandaran,Gharakhil,40737,10.478,9.2965,9.224,9.752999999999998,9.588000000000001,9.618000000000002,9.081500000000002,10.190500000000004,9.333999999999996,10.045499999999999,10.1385,10.350999999999999,11.414642107003399,11.319786774858855,11.07184379791495,9.119196284462086,8.115764654477779,7.296138572057748,8.415541898951929,8.43423293723561,11.072849805161242,12.463681244707953,12.401291922278645,10.9821749877093,8.0015,8.517999999999999,11.8425,15.8005,21.174,25.304499999999997,27.155,27.491000000000003,24.691,19.572499999999998,13.6735,9.631499999999999,13.237,13.154,16.4525,20.676,25.9675,30.1125,31.692500000000003,32.5855,29.357499999999998,24.5945,18.747,14.8065,2.759,3.8575000000000004,7.2284999999999995,10.923,16.3795,20.4945,22.611,22.395,20.023500000000002,14.549000000000001,8.6085,4.4555,36.49,52.11,14.7,16.272333333333332,26.650166666666667,19.31233333333333,8.716999999999999,17.73795833333333,13.838536131047329,11.657885455750437,17.32588149437819,16.213657638623836,23.926750042229287,9.521666666666667,9.630000000000003,9.83933333333333,10.041833333333335,9.758208333333334,0,2,POINT (52.11 36.49)
15,MASA,Mazandaran,Kiyasar,40760,9.3055,9.707500000000001,10.701,11.079999999999998,11.193999999999999,11.131500000000003,10.117999999999999,10.863000000000003,10.4325,9.7925,8.928,8.876000000000001,10.897252625196822,11.26281666866447,10.164770167911318,8.938969797559043,8.593432880860071,7.85137033699641,6.962176951469437,7.162069041986987,8.77815691478983,10.865609985867316,10.806620312258023,9.996932392407922,3.9539999999999997,4.95,8.8155,12.850999999999999,17.266,20.841,22.2845,22.39,19.815,15.1855,9.374500000000001,5.8605,8.599,9.806000000000001,14.1675,18.389499999999998,22.8585,26.404500000000002,27.339499999999997,27.817500000000003,25.032,20.0895,13.85,10.3215,-0.7065,0.09850000000000002,3.4665,7.3095,11.6645,15.273,17.2215,16.9545,14.5995,10.297,4.922,1.4455,36.25,53.55,1294.3,12.9775,21.8385,14.791666666666666,4.921499999999999,13.632291666666669,13.387022409943459,10.593540623771496,14.768673085078671,15.49716215822722,21.919152292860588,10.991666666666665,10.704166666666667,9.717666666666668,9.296333333333335,10.177458333333334,0,2,POINT (53.55 36.25)
16,MASA,Mazandaran,Nowshahr,40734,7.259499999999999,6.152999999999999,6.057500000000002,6.283499999999998,6.4435,6.9474999999999945,6.6465,7.234499999999997,6.631999999999998,7.098499999999998,7.4245,7.434999999999998,13.20516709249271,12.731967331207098,12.314948665673853,10.377626953707615,9.063947846361629,8.551976789484426,10.479233331635672,10.558165477538166,14.624999391238681,17.168553955113808,16.46868870650878,14.065273428292809,8.5425,8.361,10.872499999999999,14.302000000000001,19.631,24.491,26.419999999999998,26.593,23.865000000000002,19.2185,13.9275,10.4645,12.171,11.436499999999999,13.902000000000001,17.450499999999998,22.852,27.964999999999996,29.7435,30.208999999999996,27.177999999999997,22.762999999999998,17.6505,14.188999999999998,4.9115,5.2835,7.844499999999999,11.167,16.4085,21.017500000000002,23.097,22.9745,20.546,15.6645,10.226,6.7540000000000004,36.66,51.47,-20.9,14.935166666666667,25.834666666666667,19.003666666666668,9.122666666666666,17.22404166666667,15.508396422008442,14.347105325712846,23.303685246633798,19.264194848711462,29.809005131004078,6.261500000000001,6.94283333333333,7.051666666666665,6.949166666666666,6.801291666666665,0,2,POINT (51.47 36.66)
17,MASA,Mazandaran,Polsefid,99360,9.562000000000001,9.541999999999998,10.2315,10.596500000000002,10.350500000000004,10.1995,9.3275,10.521000000000004,9.617999999999999,9.497499999999999,9.139999999999997,9.214,10.087236761760444,10.944068707319182,10.804307837957529,9.05940131873025,9.058954538599213,8.92221023473443,8.772702948232162,8.609966811370281,9.90989046607259,10.28061834209004,10.979244608800084,9.92138356525994,6.823,7.5095,10.9105,14.387,18.717499999999998,22.2625,24.019,24.348,21.514,16.945,11.612,8.5555,11.620000000000001,12.250499999999999,16.021,19.701500000000003,23.886000000000003,27.3615,28.6795,29.610000000000003,26.296499999999998,21.677,16.164499999999997,13.169,2.058,2.7085,5.7895,9.105,13.535499999999999,17.162,19.352,19.089,16.6785,12.1795,7.024500000000001,3.9549999999999996,36.1,53.06,610.0,14.671666666666667,23.543166666666664,16.690333333333335,7.629333333333334,15.633624999999997,14.007088247325438,12.648740416279757,15.012227067583499,14.908779715170965,22.55142804085748,10.392833333333336,10.016000000000002,9.418499999999998,9.439333333333334,9.816666666666668,0,2,POINT (53.06 36.1)
18,MASA,Mazandaran,Ramsar,40732,6.6675,5.651,5.677000000000001,5.997999999999999,6.131500000000003,6.675000000000004,6.3535,6.677500000000002,5.9069999999999965,6.131,6.390499999999999,6.519499999999997,11.566545504280878,12.680951873531125,12.324019426971216,11.08127134208214,9.50330448293667,9.34980792116874,10.554486236193656,10.232868467909183,14.743843068563496,17.03396898766457,16.283878825520887,12.736427951980179,8.7005,8.367,10.8035,14.149000000000001,19.4555,24.6545,26.770999999999997,26.9995,24.195,19.555,14.3245,10.7915,12.0355,11.1915,13.64,17.151,22.520500000000002,27.991000000000003,29.948,30.338,27.145999999999997,22.6245,17.5195,14.051999999999998,5.368,5.5405,7.962999999999999,11.153,16.389,21.316,23.5945,23.6605,21.239,16.4935,11.129000000000001,7.532500000000001,36.9,50.68,-20.0,14.802666666666667,26.141666666666666,19.358166666666666,9.286333333333333,17.397208333333335,15.993200235609638,14.525267082617782,23.186542185015114,17.813580092502686,29.34641619691581,5.935500000000001,6.568666666666669,6.142833333333332,6.279333333333333,6.231583333333333,0,2,POINT (50.68 36.9)
19,MASA,Mazandaran,Sari,40759,10.0985,9.177,9.582,9.846,9.747499999999999,9.457,8.811499999999999,9.899000000000001,9.139999999999997,9.555000000000001,9.606499999999999,9.7375,11.834439271539843,11.800569732139142,11.552975501948378,9.244335465376484,8.437090332190106,7.670523159547512,8.187199938501152,8.493836362067492,11.091820936814035,12.953760777714137,12.432661897789632,11.24204540563699,8.800999999999998,9.2165,12.626999999999999,16.5155,21.8895,26.217000000000002,28.1135,28.478500000000004,25.5355,20.304,14.389500000000002,10.498000000000001,13.847999999999999,13.790000000000001,17.4525,21.466,26.756999999999998,30.9415,32.5165,33.424,30.102999999999998,25.077,19.194,15.364500000000001,3.7495,4.613,7.8705,11.620000000000001,17.0095,21.4845,23.705000000000002,23.525,20.963,15.522,9.5875,5.627,36.54,53.0,23.0,17.010666666666665,27.602999999999998,20.076333333333334,9.505166666666666,18.548791666666666,14.31363558300379,11.72739580643398,17.60882391553303,16.77623719056372,24.511581363343225,9.725166666666667,9.389166666666666,9.433833333333332,9.671,9.554791666666668,0,2,POINT (53 36.54)
20,MASA,Mazandaran,Sari (Dasht-E-Naz Airport),40788,10.298947368421052,9.234210526315788,9.541052631578946,9.92,10.280526315789473,10.082631578947371,9.11315789473684,10.428421052631581,9.753684210526316,10.16157894736842,10.002105263157896,10.032105263157895,11.104080960273654,11.308589808810297,10.761304135678895,8.575112834153476,7.253181322806694,6.972134115511455,7.389857055774589,7.227556436212736,10.143821617886367,12.12292627588474,11.597110854000167,10.89520311893262,7.977894736842105,8.636315789473684,11.994210526315788,15.881052631578948,21.453157894736844,25.869473684210526,27.70052631578947,27.89263157894737,25.04,19.73526315789474,13.641578947368421,9.554736842105262,13.126842105263158,13.256842105263157,16.762105263157896,20.84,26.59263157894737,30.90684210526316,32.25631578947368,33.10526315789474,29.91578947368421,24.816315789473684,18.644736842105264,14.573157894736841,2.8278947368421057,4.022631578947369,7.2210526315789485,10.92,16.312105263157896,20.824210526315788,23.14315789473684,22.67684210526316,20.162105263157894,14.654736842105264,8.642631578947368,4.541052631578947,36.64,53.2,16.7,16.44280701754386,27.15421052631579,19.47228070175439,8.72298245614035,17.948070175438595,13.119896731043198,10.385080925983297,16.367969905381273,16.016454426606195,22.81270708512833,9.913859649122806,9.874736842105264,9.972456140350877,9.855087719298245,9.904035087719299,0,2,POINT (53.2 36.64)
21,MASA,Mazandaran,Siahbisheh,40735,8.014,8.3025,9.0465,9.8705,10.160000000000002,10.502500000000001,9.681999999999999,10.0205,10.077499999999997,8.9315,7.643000000000001,7.9245,9.502713906073335,10.520594500563565,11.840077268487706,11.096749853289307,10.127760767251154,7.474282284382501,8.10983918394368,7.313754015828339,6.736534656079494,9.27004661365466,10.413776122415014,9.874737481671563,1.6375,2.457,6.363,10.9285,15.044,18.5445,19.9375,20.0225,17.393,12.883500000000002,6.8605,3.537,5.6395,6.614,10.881,15.863999999999999,20.1245,23.7945,24.778,25.0345,22.432499999999997,17.3505,10.668000000000001,7.4985,-2.3745000000000003,-1.6885,1.8344999999999998,5.9935,9.9645,13.291999999999998,15.096,15.014000000000001,12.355,8.419,3.025,-0.426,36.23,51.3,1855.4,10.7785,19.5015,12.379,2.543833333333333,11.300708333333334,15.959637850003638,11.03063087875032,13.068006538062612,14.399141538329658,21.98369315017564,9.692333333333336,10.068333333333333,8.883999999999999,8.080333333333334,9.18125,0,0,POINT (51.3 36.23)
22,OIAW,Khuzestan,Abadan,40831,10.622499999999999,11.297500000000001,12.645500000000002,13.509499999999996,14.967999999999996,17.179,17.394000000000002,18.031,18.333500000000004,16.22,12.307500000000001,11.24,7.7981805969027835,6.35819101274889,6.56556908599799,6.067116793608156,3.7792964546373167,1.2641068648632707,0.0,0.6839903786706788,0.21544346900318836,4.691943342322638,8.220926127440375,8.642309981916078,13.7085,16.487000000000002,21.228,26.9655,33.144,37.2685,38.757,38.3295,34.7815,29.146499999999996,20.834,15.372,19.025,22.134,27.549500000000002,33.714,40.620999999999995,45.854,47.4525,47.346,43.946000000000005,37.2495,26.9865,21.0075,8.4025,10.8365,14.904,20.204500000000003,25.653,28.675,30.0585,29.314999999999998,25.6125,21.0295,14.678999999999998,9.7675,30.37,48.22,6.6,27.1125,38.11833333333333,28.254,15.189166666666667,27.168500000000005,8.244189358056115,1.3276143942617729,8.701748008302491,11.124615986408084,13.747726345819927,13.707666666666663,17.534666666666666,15.620333333333335,11.053333333333333,14.479000000000001,1,3,POINT (48.22 30.37)
23,OIAW,Khuzestan,Ahvaz,40811,10.761499999999998,11.868,13.28,14.483999999999998,15.451499999999996,17.01,16.409000000000002,16.734500000000004,17.4815,16.187,12.434999999999999,11.192,8.619668342455814,7.548017841422223,8.055396764386554,6.518840799097566,4.442731052512665,1.2027713724296163,0.21544346900318836,1.0,1.709975946676697,6.007583004894668,9.287662369523218,9.419410622110856,13.4475,16.1105,20.645500000000002,26.552999999999997,32.774,37.334500000000006,39.021,38.539,34.624,28.71,20.6905,15.209,18.825499999999998,22.041,27.282,33.796,40.501,45.8375,47.2245,46.905,43.3665,36.8005,26.9015,20.805,8.064,10.173,14.002,19.312,25.049500000000002,28.827499999999997,30.815499999999997,30.170499999999997,25.885,20.6135,14.4665,9.613,31.34,48.74,22.5,26.6575,38.29816666666667,28.008166666666668,14.922333333333333,26.971541666666667,9.60969795442234,1.4010196653276936,10.076020622057413,12.399080750446675,15.631349952382454,14.405166666666664,16.717833333333335,15.367833333333332,11.273833333333334,14.44116666666667,1,3,POINT (48.74 31.34)
24,OIAW,Khuzestan,Ahvaz (Agricultural),99535,11.771499999999998,12.889,14.42,16.079500000000003,17.504,19.625,18.8705,18.929499999999997,19.621500000000005,17.6465,13.652999999999999,12.261500000000002,8.552888232306394,7.591067529564132,8.217077240082089,6.176078477619667,4.793016464930723,1.5036945962049748,0.0,0.0,1.4422495703074083,5.5379197792335075,9.012451900100002,9.331392737126787,12.752500000000001,15.379499999999998,19.721,25.726999999999997,31.981,36.2635,37.693,37.2555,33.4225,27.99,20.0355,14.5525,18.627,21.833,26.938,33.766000000000005,40.7325,46.076,47.13,46.7145,43.236000000000004,36.814,26.8675,20.686500000000002,6.855500000000001,8.943999999999999,12.517999999999999,17.686500000000002,23.2285,26.451,28.259500000000003,27.785000000000004,23.6145,19.1675,13.214500000000001,8.425,31.25,48.55,12.0,25.80966666666667,37.07066666666667,27.14933333333333,14.228166666666667,26.064458333333334,9.656717203858548,1.5036945962049748,9.672277097211644,12.332419378747094,15.445035986904514,16.001166666666666,19.141666666666666,16.973666666666666,12.307333333333332,16.105958333333334,1,3,POINT (48.55 31.25)
25,OIAW,Khuzestan,Bandar-E- Mahshahr,40832,10.026,10.744500000000002,12.081499999999998,12.900999999999996,14.400500000000001,16.951500000000003,15.808,15.2695,16.612500000000004,15.302500000000002,12.084999999999997,10.693999999999999,8.8633259190375,7.285854888262579,7.449377603665665,5.364861001955594,5.106514806486347,0.0,0.21544346900318836,2.154434690031884,1.7224249192959677,6.068203263039735,10.039543425637673,9.131485350211431,13.62,16.2505,20.767500000000002,26.531,32.509499999999996,36.3565,37.759499999999996,37.2615,33.803,28.466500000000003,20.691499999999998,15.258500000000002,18.6325,21.6215,26.807499999999997,32.9815,39.712,44.831,45.6625,44.8955,42.1105,36.117000000000004,26.7335,20.6025,8.6065,10.876999999999999,14.725999999999999,20.0805,25.311500000000002,27.8795,29.8545,29.625999999999998,25.497999999999998,20.814500000000002,14.648500000000002,9.9085,30.55,49.16,6.2,26.602666666666664,37.125833333333325,27.653666666666666,15.043000000000001,26.606291666666674,8.883097153022552,2.15515259567983,10.74472789978432,12.263766281560407,15.599306894474353,13.127666666666665,16.009666666666668,14.666666666666666,10.488166666666666,13.573041666666668,1,3,POINT (49.16 30.55)
26,OIAW,Khuzestan,Behbahan,40834,12.2115,13.104999999999999,14.992000000000003,15.932500000000005,16.9495,17.878,16.6495,17.0665,18.2695,17.54,13.825,13.2775,10.505575270421865,9.302284866585364,9.233088163832821,5.970503377315392,5.845305118639748,0.464158883361278,2.369284502156768,2.970072817692642,2.0,5.419885529279034,11.594855031102998,10.921367618432052,12.4955,14.666,18.8485,24.4925,30.8745,35.390499999999996,37.277,36.7645,32.811,27.046499999999998,19.457,14.407,18.598,21.2155,26.342000000000002,32.453500000000005,39.3485,44.325,45.5995,45.293,41.942,35.814,26.369,21.043,6.3865,8.1105,11.35,16.521,22.399,26.447000000000003,28.95,28.226499999999998,23.6725,18.274,12.544,7.7655,30.61,50.22,313.0,24.738500000000002,36.47733333333333,26.43816666666667,13.856166666666667,25.377541666666662,10.625611498831212,3.40851384171747,11.995438080775664,14.838383445070784,18.402831164857055,15.958000000000004,17.198000000000004,16.544833333333333,12.864666666666665,15.641375000000002,1,3,POINT (50.22 30.61)
27,OIAW,Khuzestan,Bostan,40810,11.405999999999999,12.407,13.827500000000002,15.265999999999998,16.737999999999996,19.712999999999997,19.558,19.716999999999995,20.419999999999998,17.715,13.539499999999999,11.949,8.690728662090102,7.597252007429542,7.778342287069384,6.6600128055737695,6.33634821063534,1.7544106429277198,2.0,0.0,1.0,5.108303786345696,9.305981429813375,8.712739516561284,12.231,15.063999999999998,19.573500000000003,25.4625,31.506999999999998,35.7245,37.5435,37.2325,33.2695,27.6895,19.464000000000002,14.007,17.9255,21.265,26.485000000000003,33.083,39.8775,45.574,47.3235,47.089,43.483,36.54,26.232499999999998,19.976,6.519500000000001,8.858,12.6575,17.817,23.1395,25.861,27.765500000000003,27.372000000000003,23.063,18.825,12.693,8.027,31.71,48.01,7.8,25.514333333333337,36.8335,26.807666666666666,13.767333333333333,25.730708333333336,10.067608545020892,2.375207738061588,9.796590511856579,12.065154856059873,15.508950778866913,15.277166666666664,19.662666666666667,17.224833333333333,11.920666666666667,16.02133333333333,1,3,POINT (48.01 31.71)
28,OIAW,Khuzestan,Dehdez,99527,7.390999999999999,8.051,8.883,9.764,11.089000000000002,11.815000000000005,11.376499999999997,11.136500000000005,11.165499999999998,9.9545,7.945000000000002,7.589500000000001,12.168907658345077,12.147530644613362,11.926659154690533,10.304657459447576,6.5816139646362295,1.259921049894873,2.5354936942649013,3.12098150141577,4.177429950251501,6.792552399736163,12.255848935345309,12.062429281803272,6.527500000000001,8.372,12.178,16.655,22.9095,29.191000000000003,31.753500000000003,31.323500000000003,27.6045,21.458,13.141,9.0145,10.216,12.397,16.6175,21.537,28.4495,35.097500000000004,37.4385,36.8875,33.186,26.4315,17.112000000000002,12.8085,2.825,4.346,7.7345,11.773,17.3605,23.2825,26.062,25.750999999999998,22.020500000000002,16.477,9.167,5.218999999999999,31.71,50.28,1457.0,17.247500000000002,30.756,20.7345,7.971333333333334,19.177333333333333,14.542987768233626,3.651822446377528,13.059295208235936,17.48938676196174,22.036681230584193,9.912,11.442666666666668,9.688333333333333,7.677166666666667,9.680041666666666,0,0,POINT (50.28 31.71)
29,OIAW,Khuzestan,Hendijan,99537,10.717499999999998,11.5555,13.5685,14.705500000000004,16.428500000000003,18.496500000000005,16.937,16.267,17.087000000000003,15.963500000000003,12.474999999999998,11.1795,8.99423499110188,7.264757889736471,7.632833479639302,4.950443792472591,4.672634089360532,0.0,0.7368062997280774,0.0,0.0,5.370761034982518,10.620944703833779,9.696728978202131,13.288,15.867500000000001,20.276999999999997,26.002499999999998,32.106,35.9075,37.378,37.0415,33.7275,28.472500000000004,20.642000000000003,15.041,18.6515,21.6445,27.0605,33.353500000000004,40.316,45.154,45.844,45.174,42.2725,36.4485,26.877,20.631,7.934,10.089,13.492,18.648,23.8875,26.6575,28.907,28.907,25.185499999999998,20.485,14.402000000000001,9.4515,30.25,49.71,3.0,26.128500000000003,36.775666666666666,27.614000000000004,14.732166666666666,26.312583333333333,8.74175549954161,0.7368062997280774,11.06030242451255,12.646823346870717,15.932265742365178,14.900833333333336,17.233500000000003,15.17516666666667,11.150833333333333,14.615083333333333,1,3,POINT (49.71 30.25)
30,OIAW,Khuzestan,Hoseyniyeh,99493,8.096,9.021999999999998,10.098500000000001,11.396,11.628999999999994,11.928000000000004,12.029499999999999,12.199999999999996,12.039499999999997,11.020499999999998,8.876999999999999,8.5155,11.527094275157786,10.491694111739807,11.300451596539435,9.089598871780975,7.842763152090927,1.4751460163788064,0.21544346900318836,1.6509636244473134,2.6207413942088964,6.84574122121832,11.431680627264882,11.451617780221593,12.7645,14.676499999999999,18.7815,24.520500000000002,31.607,37.9375,39.7975,39.1505,35.4895,28.898500000000002,20.169999999999998,15.087,16.814,19.179,23.833000000000002,30.2175,37.4085,43.897000000000006,45.8185,45.253,41.506,34.394,24.5885,19.337,8.718,10.157,13.7345,18.8215,25.779500000000002,31.969,33.789,33.053000000000004,29.466500000000003,23.3735,15.711500000000001,10.8215,32.67,48.25,354.0,24.96966666666667,38.96183333333334,28.186000000000003,14.176,26.573375,13.884180543306318,1.9763890244674784,12.237735886342573,16.119277860706294,20.571213759882113,11.041166666666664,12.0525,10.645666666666665,8.5445,10.570958333333332,1,3,POINT (48.25 32.67)
31,OIAW,Khuzestan,Izeh,99455,11.4895,11.865,13.757000000000001,15.246499999999997,17.397,19.205999999999996,17.982499999999998,17.867,19.1015,17.806999999999995,13.088999999999997,12.9895,12.590258700706116,11.961590151094764,11.97490124467644,10.072440634964662,6.641474366559313,0.8143252849784719,2.94837600933731,3.899364349613309,3.3749016889515775,6.578919578829984,12.61829039289265,12.96309057269188,9.8055,11.376,14.568999999999999,19.3765,25.6835,31.133499999999998,33.719,33.352,29.176,23.301499999999997,16.2075,11.8255,15.551499999999999,17.314,21.448,27.002,34.382,40.7345,42.708,42.283,38.7265,32.201499999999996,22.744999999999997,18.3215,4.061999999999999,5.449,7.691,11.755500000000001,16.985,21.5285,24.7255,24.416,19.625,14.394499999999999,9.656,5.332,31.85,49.85,767.0,19.87633333333333,32.734833333333334,22.894999999999996,11.002333333333333,21.627125000000003,14.473626255821298,4.404746943031258,13.261546834920042,18.054914600082796,22.463519484879278,15.466833333333332,18.35183333333333,16.66583333333333,12.114666666666666,15.649791666666664,1,1,POINT (49.85 31.85)
32,OIAW,Khuzestan,Masjedsoleyman,40812,10.168000000000001,11.0085,12.254999999999999,13.280999999999999,13.945999999999998,15.119500000000002,13.962499999999999,14.040999999999997,15.0275,14.152500000000003,11.310500000000001,10.756999999999998,10.744699026973281,9.570591425578847,10.395085202401912,8.132985443031314,5.779395777405759,0.7368062997280774,2.182785766122212,1.0,3.041281200500904,6.313768493241884,10.794104006321838,11.409958467635049,12.631499999999999,14.746,18.9605,24.881,31.492,36.6325,38.8115,38.403999999999996,34.2485,28.158499999999997,19.9285,14.8195,17.71,20.247,25.0885,31.518,38.461,44.1905,45.7915,45.421,41.7635,35.225,25.588,20.194,7.542,9.2385,12.8335,18.237000000000002,24.515,29.070999999999998,31.829,31.380000000000003,26.736,21.072499999999998,14.2775,9.437000000000001,31.98,49.24,320.5,25.111166666666666,37.949333333333335,27.445166666666665,14.065666666666667,26.142833333333332,12.28544779096924,2.2766381149625055,11.541676129979308,15.329763924454088,19.13483040836714,13.160666666666666,14.374333333333333,13.496833333333335,10.644499999999999,12.919083333333333,1,3,POINT (49.24 31.98)
33,OIAW,Khuzestan,Omidiyeh (Aghajari),40833,11.1645,12.2985,14.035999999999998,15.00549999999999,16.618499999999997,19.025000000000002,18.176499999999997,18.0085,18.764,17.446,13.250499999999999,11.751,9.713751000391401,8.105021526856127,8.013726434653826,5.784281658049049,4.485218992160092,0.6767899452107007,1.1934831919273368,1.4422495703074083,0.5848035476425733,5.520584024183531,10.659015780918235,9.995731511593245,13.7085,16.266,20.811500000000002,26.7555,32.7635,36.6055,38.251999999999995,37.951499999999996,34.214,28.6115,20.7845,15.358500000000001,19.2885,22.4115,27.8285,34.25449999999999,41.073,46.118,47.339,46.955,43.595,37.335,27.406,21.2255,8.123999999999999,10.113,13.7925,19.249000000000002,24.454500000000003,27.093,29.1625,28.946499999999997,24.831,19.889,14.1555,9.4745,30.74,49.69,27.0,26.776833333333332,37.602999999999994,27.87,15.110999999999999,26.840208333333333,9.276984751666927,1.711115171495147,11.131937347128687,13.476795987623115,16.6678190314326,15.219999999999994,18.403333333333332,16.486833333333333,11.738,15.462041666666666,1,3,POINT (49.69 30.74)
34,OIAW,Khuzestan,Ramhormoz,40813,9.854999999999999,10.822999999999999,12.436499999999999,13.458499999999997,14.396999999999998,15.877000000000002,15.166499999999992,15.015500000000003,15.261499999999998,14.171499999999998,11.326,10.4495,9.742808635325618,8.241589224372737,8.900677472310836,6.799048309719495,4.792871362712637,0.5848035476425733,3.2075343299958265,1.0322801154563672,2.7589241763811208,5.760974629315787,10.112757137417333,10.152690042254093,13.857499999999998,16.3185,20.679,26.753500000000003,33.262,37.759,39.5265,39.213499999999996,35.566,29.6085,21.1655,15.723499999999998,18.784,21.729499999999998,26.895,33.479,40.461,45.6965,47.108999999999995,46.722500000000004,43.1965,36.689,26.828500000000002,20.9495,8.929,10.9065,14.4585,20.020500000000002,26.064,29.819499999999998,31.942500000000003,31.707,27.935000000000002,22.517500000000002,15.502500000000001,10.5,31.27,49.6,150.5,26.89816666666667,38.833,28.78,15.299833333333332,27.452750000000005,10.41436009373539,3.249112183528945,10.761851001102569,13.628171132936146,17.032647757235132,13.430666666666665,15.353,13.586333333333334,10.375833333333333,13.186458333333333,1,3,POINT (49.6 31.27)
35,OIAW,Khuzestan,Safiabad (Dezful),40794,11.503,12.56,14.125499999999999,15.959999999999996,18.317500000000003,21.050500000000003,20.2235,19.138,19.052500000000002,16.667500000000004,12.8375,12.003999999999998,10.025236259546457,8.957619677539867,9.710499842928446,7.895890614999877,6.244784983119443,0.8092672334566455,0.0,1.6147081300231128,2.515108509244702,6.184456381543634,10.701621438852836,10.663766572693971,12.311499999999999,14.489500000000001,18.347,23.7565,30.022000000000002,34.8505,36.9605,36.423500000000004,32.361000000000004,26.6795,19.352,14.3025,18.064,20.7665,25.4105,31.732999999999997,39.176,45.3725,47.067,45.9945,41.8855,35.010000000000005,25.762,20.307,6.561,8.2065,11.285,15.773000000000001,20.8585,24.322,26.8435,26.8565,22.833,18.3425,12.9245,8.303,32.25,48.43,82.9,24.041833333333333,36.07816666666667,26.13083333333334,13.701166666666666,24.988,11.820094078230596,1.6798072341184087,11.391031213972095,14.324040608365884,18.244813688605525,16.134333333333334,20.137333333333334,16.185833333333335,12.022333333333334,16.119958333333333,1,3,POINT (48.43 32.25)
36,OIAW,Khuzestan,Shushtar,99446,9.149,10.226,11.474499999999999,12.855,14.186,16.375,15.605999999999998,15.087000000000003,14.881499999999999,13.241,10.220000000000002,9.5245,10.002732586562386,8.856276735087421,9.375247993439862,7.515936483518113,6.011090598251748,1.091392883061106,1.5874010519681994,0.21544346900318836,0.0,5.964700134606775,10.904013335692634,10.358090712187975,13.602500000000001,16.1965,20.555500000000002,26.546,33.0375,37.6075,39.345,38.9365,35.178,29.351,21.1295,15.586000000000002,18.177,21.303,26.293,32.9675,40.126,45.7895,47.1475,46.4765,42.62,35.969,26.242,20.34,9.028,11.077,14.8185,20.1125,25.939999999999998,29.414499999999997,31.541500000000003,31.389499999999998,27.7385,22.728,16.022,10.8155,32.05,48.83,67.0,26.713000000000005,38.62966666666667,28.552833333333336,15.128333333333336,27.255958333333336,11.359500283843824,1.744609261642446,11.469154896895677,14.105947895516616,17.953129085709,12.838500000000002,15.689333333333332,12.780833333333334,9.633166666666666,12.735458333333334,1,3,POINT (48.83 32.05)
37,OIBB,Bushehr,Bandar-E-Dayyer,40872,8.839473684210526,8.923157894736843,9.323157894736841,9.873157894736838,10.487894736842101,9.814736842105265,7.8084210526315765,7.468947368421055,8.80368421052632,10.021052631578947,9.54105263157895,9.344736842105263,10.38257684300238,8.444903150418437,7.156215762947763,5.252017365297373,3.6894268393922993,0.0,3.1113699709024116,0.0,1.600520663883155,3.3859861474599366,9.449333211633476,9.34904524743563,18.06105263157895,19.497894736842103,22.888947368421054,27.531578947368423,32.91157894736842,34.695263157894736,35.24894736842106,35.014210526315786,33.39105263157895,30.277894736842104,25.128947368421052,20.61578947368421,22.48,23.964736842105264,27.54736842105263,32.46315789473684,38.171052631578945,39.614736842105266,39.1578947368421,38.740526315789474,37.78736842105263,35.28,29.898947368421055,25.27842105263158,13.640526315789474,15.041578947368421,18.22421052631579,22.59,27.683157894736844,29.8,31.349473684210526,31.27157894736842,28.983684210526313,25.258947368421055,20.357894736842105,15.933684210526316,27.83,51.93,4.0,27.777368421052632,34.9861403508772,29.599298245614037,19.39157894736842,27.93859649122807,8.250266290761871,3.1113699709024116,9.606917756924751,13.641636385175108,15.896427344922106,9.89473684210526,8.3640350877193,9.45526315789474,9.03578947368421,9.187456140350877,4,4,POINT (51.93 27.83)
38,OIBB,Bushehr,Bandar-E-Deylam,40846,9.550526315789474,10.244210526315792,11.185789473684212,11.486842105263161,12.021578947368422,11.869999999999997,10.926842105263159,11.44368421052631,12.495789473684209,12.966315789473686,10.850526315789473,9.859473684210526,9.536883393756039,7.8552617299076175,8.17434975048493,5.141428542054524,4.699652909331334,0.0,1.709975946676697,0.0,0.928317766722556,5.4681353050597,10.562768395313407,9.860427686698529,14.246842105263157,16.241578947368424,20.50315789473684,25.723157894736843,31.55684210526316,34.54526315789474,35.49894736842106,34.84578947368421,32.20105263157895,27.73368421052632,21.225789473684213,16.159473684210525,19.027368421052632,21.370526315789476,26.094736842105263,31.49105263157895,37.573157894736845,40.48736842105263,40.962105263157895,40.572631578947366,38.445263157894736,34.21157894736842,26.646842105263158,21.09263157894737,9.476842105263158,11.126315789473685,14.908947368421051,20.004210526315788,25.551578947368423,28.617368421052632,30.035263157894736,29.128947368421056,25.949473684210528,21.245263157894737,15.796315789473685,11.233157894736843,30.05,50.17,3.9,25.927719298245616,34.96333333333334,27.053508771929828,15.549298245614034,25.8734649122807,9.228393690701095,1.709975946676697,11.032438680501532,13.220728070170573,16.441543989032184,11.564736842105267,11.413508771929822,12.10421052631579,9.884736842105264,11.241798245614035,1,3,POINT (50.17 30.05)
39,OIBB,Bushehr,Bushehr (Airport),40858,7.689473684210526,7.959473684210527,8.784736842105264,9.422631578947371,9.203684210526319,8.438947368421058,8.247894736842106,8.387894736842103,9.358947368421052,9.885263157894737,8.478421052631578,8.027894736842104,10.114549497687136,7.264126243059456,6.352826980249135,3.78512187919532,3.219799120732326,0.21544346900318836,0.9004113346093701,0.0,0.0,5.569046914166358,10.971247222970774,9.316170272262166,15.64684210526316,17.15421052631579,20.59894736842105,25.205263157894734,29.928947368421053,32.12421052631579,33.93157894736842,34.49684210526316,32.34789473684211,28.32842105263158,22.453684210526315,17.64842105263158,19.493157894736843,21.130526315789474,24.98578947368421,29.912105263157898,34.53,36.33947368421053,38.05157894736842,38.689473684210526,37.025263157894734,33.26684210526316,26.68578947368421,21.66894736842105,11.803684210526317,13.171052631578947,16.201052631578946,20.489473684210527,25.326315789473682,27.900526315789474,29.803684210526313,30.301578947368423,27.666315789473682,23.38157894736842,18.20736842105263,13.641052631578948,28.96,50.82,9.0,25.24438596491228,33.51754385964912,27.710000000000004,16.816491228070177,25.822105263157898,7.006796120773449,0.9045041696510274,11.430098977365557,13.058181038967902,15.959114361778735,9.13701754385965,8.35824561403509,9.240877192982456,7.892280701754385,8.657105263157895,4,4,POINT (50.82 28.96)
40,OIBB,Bushehr,Bushehr (Coastal),40857,7.398947368421055,7.274210526315789,7.5947368421052595,8.056315789473686,7.885789473684206,6.781578947368413,6.588421052631585,6.791578947368418,7.914210526315788,8.542631578947372,8.30842105263158,7.943157894736844,9.59882074635139,7.226216156033297,6.157232551223112,4.2931927627376245,3.16584774145405,0.6694329500821696,1.1186889420813968,0.7368062997280774,1.062658569182611,5.215143234389121,10.439225634103469,8.85028034904089,16.128947368421052,17.36421052631579,20.70421052631579,25.416842105263157,30.161578947368422,32.35421052631579,34.05789473684211,34.652631578947364,32.67368421052631,28.90473684210526,23.04578947368421,18.316842105263156,19.834736842105265,21.021052631578947,24.498421052631578,29.45105263157895,34.112631578947365,35.739999999999995,37.35526315789474,38.04,36.6278947368421,33.172105263157896,27.2,22.298947368421054,12.43578947368421,13.746842105263157,16.90368421052632,21.394736842105264,26.22684210526316,28.958421052631582,30.766842105263155,31.24842105263158,28.713684210526313,24.629473684210524,18.89157894736842,14.35578947368421,28.9,50.82,8.4,25.427543859649123,33.68824561403509,28.208070175438593,17.27,26.1484649122807,7.008764531764467,1.2805791649874942,10.859592838478166,12.50393476128233,15.300659262178865,7.845614035087717,6.7205263157894715,8.255087719298247,7.538771929824563,7.59,4,4,POINT (50.82 28.9)
41,OIBB,Bushehr,Jam,88187,11.591000000000001,12.220500000000001,13.6665,14.176499999999997,14.806000000000004,15.205500000000004,13.436999999999994,13.383499999999994,14.610000000000003,14.680999999999994,12.6205,12.096000000000002,11.367786353333937,9.975406230904255,8.560218281329252,6.394999348958665,5.161400577281836,0.0,4.004162333908431,0.0,2.427236042916945,2.6641817128737975,10.723464388570443,10.48329922542149,12.519499999999999,14.791999999999998,19.035,24.0375,30.053500000000003,33.739999999999995,34.486000000000004,33.606,30.815499999999997,26.285500000000003,19.558,14.6995,18.3385,20.905,25.857499999999998,31.119,37.456,41.337,41.202999999999996,40.290499999999994,38.1105,33.620999999999995,25.8325,20.7405,6.7475,8.6845,12.190999999999999,16.942500000000003,22.65,26.1315,27.766000000000002,26.907,23.5005,18.94,13.212,8.644499999999999,27.82,52.36,659.0,24.375333333333334,33.943999999999996,25.552999999999997,14.003666666666666,24.468999999999998,10.086909158344872,4.004162333908431,10.818879870559213,15.345704676570648,18.141477682835337,14.216333333333333,14.008666666666665,13.9705,11.969166666666668,13.541166666666664,1,3,POINT (52.36 27.82)
42,OICC,Kermanshah,Eslamabad-E-Gharb,40779,12.794500000000001,13.294,14.687,16.1205,18.307499999999997,21.380499999999998,21.006,21.4215,21.5655,18.725,14.304500000000003,13.4755,10.619141868731461,11.477283448730898,11.636532664300159,10.510646797076548,7.694413218497942,2.0344047624525077,2.132671235505887,2.0246938520054574,3.4763024981250403,8.936466129777138,10.99909083394908,10.274590966089558,1.9884999999999997,4.051,8.189499999999999,12.747,17.444499999999998,23.107,26.692,26.387999999999998,21.956,16.0745,8.997499999999999,4.6865000000000006,8.39,10.704,15.5435,20.798,26.5995,33.799,37.1965,37.1,32.7385,25.439500000000002,16.151500000000002,11.42,-4.4045000000000005,-2.59,0.8564999999999999,4.6775,8.292,12.4185,16.1905,15.6785,11.173,6.714499999999999,1.847,-2.0555,34.12,46.47,1348.8,12.793666666666667,25.395666666666667,15.676000000000002,3.5753333333333335,14.360166666666666,14.724419897916423,2.9783628381046796,12.777985433858365,15.596717477218164,20.876960027274276,16.371666666666666,21.269333333333332,18.198333333333334,13.188000000000002,17.256833333333333,3,0,POINT (46.47 34.12)
43,OICC,Kermanshah,Javanrud,99427,9.121578947368421,10.100526315789475,11.297894736842103,12.640526315789474,14.079999999999998,15.954210526315787,15.972631578947372,16.09684210526316,15.870526315789473,13.665263157894737,10.608947368421052,9.673684210526316,11.77434818328904,12.565480386565463,12.156537095362271,11.41766012157532,9.186282328942726,2.4130080721830467,1.4580997358267118,1.652185655703605,3.2338847207408055,9.083462295581327,11.842929904020522,11.28322359789529,3.5178947368421056,5.699473684210527,9.910526315789474,14.61578947368421,19.7,26.34894736842105,29.986315789473686,29.880526315789474,25.34894736842105,18.426315789473687,10.82578947368421,6.226842105263158,8.075263157894737,10.74263157894737,15.554210526315789,20.927894736842106,26.718421052631577,34.32052631578947,37.97263157894737,37.92947368421053,33.28263157894737,25.208947368421054,16.125263157894736,11.05578947368421,-1.046315789473684,0.6421052631578947,4.2563157894736845,8.287368421052632,12.638421052631578,18.366315789473685,22.0,21.832631578947368,17.412105263157894,11.543684210526317,5.516315789473684,1.3821052631578947,34.76,46.5,1375.4,14.742105263157896,28.73859649122807,18.200350877192985,5.148070175438597,16.707280701754385,15.95319655668642,2.7875295766600425,13.470571469466226,17.15973998153432,22.623316318040757,12.672807017543859,16.007894736842108,13.38157894736842,9.631929824561404,12.923552631578948,3,0,POINT (46.5 34.76)
44,OICC,Kermanshah,Kangavar,40771,12.477,12.9655,14.904,16.349,18.4345,22.181999999999995,22.359499999999997,22.343000000000004,22.637,19.1055,13.8325,13.148,9.11486520996743,10.356909977210943,10.54163364169344,10.408917400966592,8.139933875711222,2.556576641604639,1.8719803246282316,1.860495493690046,2.608061762246931,8.40941876225791,10.078613702440002,9.6961971843556,0.622,3.4545000000000003,8.1935,12.403,16.9035,22.4575,26.2785,25.6245,21.1555,15.438999999999998,8.407,3.7920000000000003,6.8709999999999996,9.9525,15.637,20.593,26.127,33.540499999999994,37.4565,36.7935,32.4645,24.9985,15.3255,10.376999999999999,-5.606,-3.013,0.733,4.244,7.6925,11.358500000000001,15.097,14.4505,9.8275,5.893,1.4929999999999999,-2.771,34.5,47.98,1468.0,12.5,24.786833333333334,15.000499999999997,2.622833333333334,13.727541666666667,14.158986994891816,3.0971878764299663,11.783645830533517,14.060638337917142,19.384839539112598,16.5625,22.294833333333333,18.525000000000002,12.8635,17.561458333333334,3,0,POINT (47.98 34.5)
45,OICC,Kermanshah,Kermanshah,40766,11.864500000000001,12.551,13.8895,15.4755,17.634999999999998,20.838499999999996,20.820999999999998,20.692500000000003,20.899500000000003,17.669,13.439499999999999,12.8755,9.820151509671497,10.414206423421696,10.614114341292805,10.716764125066627,8.000364566719469,2.6726082794097503,1.5926748483578486,2.225327141226092,3.1366445554899096,8.977019561402937,10.253042919679553,9.485666287973682,3.152,5.446,9.814,14.175,19.0385,25.073500000000003,28.7765,28.384500000000003,23.53,17.524,10.122499999999999,5.5665,9.129000000000001,11.727500000000001,16.744,21.896,27.8525,35.489,39.1825,38.709,33.9915,26.3555,16.8405,11.9695,-2.7355,-0.8234999999999999,2.8545000000000003,6.4205,10.2175,14.6505,18.3615,18.0165,13.091999999999999,8.686499999999999,3.401,-0.906,34.35,47.15,1318.5,14.342500000000001,27.4115,17.058833333333336,4.7215,15.883583333333334,14.323520716049021,3.2443689473199013,12.23637802752462,14.309420496472741,19.77663127451293,15.666666666666666,20.784,17.336,12.430333333333335,16.554250000000003,3,0,POINT (47.15 34.35)
46,OICC,Kermanshah,Qasreshirin,99435,10.277368421052632,10.847368421052629,12.200526315789475,13.785499999999999,14.619999999999997,16.648421052631576,16.8825,17.128421052631577,16.415447368421052,14.331578947368424,12.008421052631578,11.298947368421054,10.77180000186664,9.961216444706661,10.15999323164862,8.858401164074987,7.469446067021897,0.493242414866094,0.8434326653017492,1.534036644378916,2.2701886806493845,7.8076519254658265,10.674338014515566,9.054809567703607,10.095263157894736,11.995789473684212,15.843684210526314,21.4775,27.449,32.811578947368425,35.432,35.457368421052635,31.126842105263155,25.19157894736842,17.117894736842107,12.57684210526316,15.237368421052631,17.42473684210526,21.927894736842106,28.357,34.769,41.13842105263158,43.8815,44.02315789473684,39.40894736842105,32.35105263157895,23.09631578947368,18.212105263157895,4.96,6.577368421052632,9.727368421052631,14.5715,20.149,24.490000000000002,26.999000000000002,26.894736842105264,22.9935,18.019473684210528,11.087894736842104,6.913157894736842,34.52,45.6,375.9,21.59006140350877,34.56698245614036,24.47877192982456,11.555964912280702,23.047945175438596,12.927884716156564,1.629906276368008,11.943951585136032,14.391468712064013,18.991270227845558,13.535342105263156,16.88644736842105,14.251815789473683,10.807894736842107,13.870375000000001,1,3,POINT (45.6 34.52)
47,OICC,Kermanshah,Ravansar,40764,9.734,10.703,12.158000000000001,13.758000000000001,15.462,17.0035,16.313999999999997,16.374499999999998,17.269,14.983500000000001,11.176499999999997,10.463000000000001,10.892619080808407,11.764554169612211,12.445609006189764,11.258452906412828,8.839457799303553,1.792561898622866,0.31072325059538586,1.6558409456174208,3.0772528492704367,9.075537082405681,11.491158926308533,10.548198669716061,2.473,4.738,9.1425,13.834,18.679499999999997,25.3325,29.3495,29.028,24.058,17.6665,10.061499999999999,5.397,7.3805,10.107,15.208000000000002,20.718,26.413,33.8285,37.513,37.217,32.6995,25.1505,15.651999999999997,10.621500000000001,-2.3535,-0.596,3.05,6.959999999999999,10.951,16.825,21.199,20.8425,15.4305,10.167,4.4755,0.1585,34.71,46.65,1380.0,13.885333333333334,27.903333333333336,17.262,4.2026666666666666,15.81333333333333,15.933920175083184,2.1778774616162986,13.188611235844789,15.99779917645403,21.858680944430226,13.792666666666667,16.563999999999997,14.476333333333331,10.3,13.783249999999997,3,0,POINT (46.65 34.71)
48,OICC,Kermanshah,Sararud (Kermanshah),99621,10.768947368421053,12.0365,13.828999999999999,15.4445,17.6865,21.1635,20.829499999999996,20.048499999999997,20.539999999999996,17.199999999999996,12.750526315789475,11.521578947368422,9.985412062890518,10.056678151798781,10.736492860814685,10.688887055934558,8.318601527770634,2.263702391925902,1.2407314449715945,1.746796861754312,3.0975353285168428,8.823045655395404,10.606801141449253,9.81984041065622,2.87,4.879,9.135,13.64,18.4625,24.2535,27.892500000000002,27.79,23.0225,17.357,9.84578947368421,5.483157894736841,8.295263157894738,10.932500000000001,16.037,21.3585,27.311,34.82,38.2955,37.824,33.2835,25.946499999999997,16.22684210526316,11.234736842105264,-2.473684210526316,-1.1039999999999999,2.208,5.914,9.624500000000001,13.6565,17.466,17.7755,12.743500000000001,8.746500000000001,3.4763157894736842,-0.28684210526315784,34.33,47.29,1361.7,13.745833333333332,26.645333333333337,16.741763157894738,4.410719298245614,15.385912280701755,14.4775554464277,2.660890274296623,12.40703295102941,14.357542765383236,19.9355005479755,15.65333333333333,20.6805,16.830175438596488,11.442342105263158,16.151587719298245,3,0,POINT (47.29 34.33)
49,OICC,Kermanshah,Sarpol-E-Zahab,40765,11.6845,12.2955,13.667,15.6615,17.3085,19.311000000000003,19.0515,19.5165,19.527499999999996,17.0535,13.42578947368421,12.8185,10.788350493096154,10.382205765004137,11.107675345112993,10.06240969274559,6.7519244627039745,1.1024737714497332,0.8434326653017492,1.3200061217959123,2.2206053052776413,7.974292478906886,11.235685497653002,9.808315862522509,8.8095,10.441500000000001,14.236500000000001,19.002000000000002,24.797,30.4675,33.336,33.0695,28.635,22.9945,15.486842105263158,11.0315,14.6825,16.591,21.07,26.8385,33.4535,40.124,42.8645,42.826,38.394999999999996,31.5125,22.170526315789473,17.434,2.998,4.2955,7.4030000000000005,11.177,16.145,20.813,23.813,23.3095,18.8675,14.459,8.744736842105263,4.6155,34.45,45.86,545.0,19.345166666666668,32.291,22.37211403508772,10.094166666666668,21.02561184210526,13.919813711339684,1.618534466913291,12.46428203537199,14.91557010897504,19.963366272804556,15.545666666666667,19.293000000000003,16.668929824561403,12.266166666666669,15.943440789473684,1,1,POINT (45.86 34.45)
50,OICC,Kermanshah,Sonqor,99429,12.0315,12.895,13.668500000000002,15.078999999999999,17.473,21.577000000000005,20.8015,20.776,20.853999999999996,17.776842105263157,13.363999999999999,12.735499999999998,8.725236102783498,9.889346769093581,10.003432155229616,10.34589753939606,7.485720980012383,2.2811310690483872,2.0041580161269152,2.553001719543963,4.480242599532659,8.132935048727912,10.568591015523916,9.03447681256294,0.2415,2.662,7.5569999999999995,11.794,16.328,22.038999999999998,26.0115,25.442,20.7465,14.887368421052633,7.686,3.2939999999999996,6.2989999999999995,9.186499999999999,14.418000000000001,19.345,25.061,32.849000000000004,36.417,35.824,31.164499999999997,23.75315789473684,14.36,9.658,-5.7325,-3.7085,0.7495,4.266,7.587999999999999,11.272,15.6155,15.047999999999998,10.310500000000001,5.976315789473684,0.9960000000000001,-3.0774999999999997,34.78,47.58,1700.0,11.893,24.497500000000002,14.439956140350878,2.0658333333333334,13.224072368421053,13.622389590525287,3.3189603363863736,12.183162295911984,13.33044451303789,18.891001006929976,15.406833333333333,21.0515,17.331614035087718,12.553999999999997,16.585986842105264,3,0,POINT (47.58 34.78)
51,OICI,Ilam,Darrehshahr,40842,11.968,12.592500000000001,14.347,16.167500000000004,17.619000000000003,18.310499999999998,18.1465,18.762999999999998,19.0075,17.194499999999994,13.332500000000003,12.669,11.064633261343424,11.78698171685973,10.95018799674453,10.52616302409876,8.518299674650454,1.7544106429277198,1.4422495703074083,1.8945364743718192,2.295770424665555,7.9083285556566745,11.124211954447738,11.366960869723412,8.571000000000002,10.7,14.589500000000001,19.3745,25.871499999999997,32.816500000000005,35.775,35.1055,30.725,23.972,15.588999999999999,10.6775,14.5775,16.98,21.7565,27.460500000000003,34.685,41.97,44.8525,44.483,40.2235,32.552499999999995,22.252000000000002,17.0015,2.6094999999999997,4.3875,7.4094999999999995,11.293,17.066,23.6595,26.706,25.72,21.216,15.358,8.9195,4.3325000000000005,33.14,47.41,670.0,19.945166666666665,34.565666666666665,23.42866666666667,9.982833333333334,21.980583333333332,14.576919810231296,2.4771246592603413,12.349228754145283,16.461680282130658,21.14696605244238,16.044500000000003,18.406666666666663,16.5115,12.409833333333333,15.843125000000002,1,1,POINT (47.41 33.14)
52,OICI,Ilam,Dehloran,40796,10.1085,10.642500000000002,11.7015,12.862499999999997,13.2515,14.859499999999997,15.121500000000005,14.924500000000002,14.657000000000004,13.2365,11.107499999999998,10.475000000000003,8.934921501752866,9.116189030489751,9.213456992207863,9.013559806835481,6.675682246845605,1.4094597464129783,0.5848035476425733,1.4422495703074083,3.0723168256858475,6.711393697278716,9.772531716754887,9.744880064456957,12.869,15.1345,19.682,25.654000000000003,32.339,37.982,40.1315,39.7745,35.8925,29.3025,20.3645,15.002,17.925,20.46,25.529,32.071,38.9615,45.4015,47.697,47.2385,43.212,35.915,25.919999999999998,20.258000000000003,7.8165000000000004,9.817499999999999,13.8275,19.2085,25.71,30.542,32.5755,32.314,28.555,22.6785,14.8125,9.783,32.68,47.28,232.0,25.891666666666666,39.296,28.519833333333327,14.335166666666666,27.01066666666667,12.19117430306897,1.8171205928321394,10.813950878399973,13.381775179812909,17.62904338599423,12.605166666666667,14.9685,13.000333333333336,10.408666666666667,12.745666666666665,1,3,POINT (47.28 32.68)
53,OICI,Ilam,Eyvan,99433,9.527500000000002,10.235,11.020999999999999,12.5595,14.41,16.471,16.3095,15.7925,15.278500000000005,12.786500000000002,10.6535,10.052,12.556691827563368,13.550156359537901,12.709534659046346,11.071163959782458,8.432451941541421,1.856635533445112,1.4422495703074083,2.7412947864931967,3.2268572920490874,8.455359973660164,12.209738707881787,12.001388728168862,5.5065,6.955500000000001,10.713,15.511000000000001,20.759999999999998,26.465500000000002,29.541500000000003,29.7275,25.7515,20.011,12.229000000000001,8.1595,10.271,12.0785,16.226,21.7885,27.964,34.7035,37.6935,37.6225,33.392,26.410000000000004,17.557,13.1825,0.7434999999999999,1.8435,5.205,9.229,13.553999999999998,18.232499999999998,21.384,21.830000000000002,18.1135,13.623500000000002,6.903499999999999,3.1305,33.76,46.36,1290.0,15.661333333333332,28.578166666666664,19.3305,6.873833333333334,17.610958333333333,15.886699582255194,3.107232505953859,13.496203779419178,18.36727010701043,23.327525538654967,12.663499999999999,16.191000000000003,12.90616666666667,9.938166666666667,12.924708333333335,3,0,POINT (46.36 33.76)
54,OICI,Ilam,Ilam,40780,10.9125,11.2475,11.941999999999997,13.029000000000002,14.488,16.237499999999997,16.1045,15.929500000000004,15.9665,14.101499999999998,12.067500000000003,11.635000000000002,12.195815101414773,12.142785038293212,11.279216240834264,10.350162194942417,7.052328925587256,1.0163963568148535,2.9024157437291955,3.104468062763173,3.3917910382131153,9.298701017169416,10.916111179965489,10.801680122702727,5.1615,6.609999999999999,10.4495,15.369,20.738999999999997,26.499000000000002,29.409,29.3795,25.222,19.294999999999998,11.651,7.665000000000001,10.606,12.24,16.417499999999997,21.8835,27.982,34.614,37.4615,37.337,33.205,26.345999999999997,17.674500000000002,13.502500000000001,-0.3065,0.9925,4.4755,8.8545,13.494,18.3765,21.357,21.4075,17.2385,12.244499999999999,5.607,1.8675000000000002,33.59,46.4,1337.0,15.519166666666665,28.429166666666664,18.722666666666665,6.478833333333334,17.287458333333333,14.25136131449538,3.8126081667779204,12.894250587770916,16.944107093127357,21.514437751614313,13.152999999999999,16.090500000000002,14.045166666666667,11.265,13.638416666666664,3,0,POINT (46.4 33.59)
55,OICI,Ilam,Mehran,40781,11.5415,12.27,13.716999999999999,15.124499999999998,15.668999999999997,16.586000000000002,16.392500000000005,16.999,17.294999999999998,15.371500000000001,12.811499999999999,11.861999999999998,8.766591648475114,8.533569668476215,8.559672375151006,7.482626452388209,6.590374705349442,1.1720387178673213,0.7368062997280774,0.0,3.901774340554161,5.624804931506933,8.837921748913622,8.229942090757485,11.572,13.991999999999999,18.442500000000003,24.211000000000002,30.536,35.805,38.277499999999996,38.0475,33.751,27.670499999999997,18.857,13.6495,17.3415,20.1235,25.299,31.7705,38.3675,44.089,46.474000000000004,46.538,42.3955,35.351,25.2535,19.5845,5.8,7.8534999999999995,11.582,16.646,22.698500000000003,27.502999999999997,30.0815,29.538999999999998,25.1005,19.979499999999998,12.442,7.722499999999999,33.12,46.18,150.0,24.396500000000003,37.376666666666665,26.7595,13.071166666666665,25.400958333333335,11.00369022194048,1.2620174282199965,9.752876644067758,12.281758493622913,16.0242211275591,14.836833333333331,16.659166666666668,15.15933333333333,11.891166666666665,14.636624999999997,1,3,POINT (46.18 33.12)
56,OICK,Lorestan,Alashtar,40776,14.1745,14.0075,15.236500000000001,16.555,19.021499999999996,23.585500000000007,23.500000000000004,23.354499999999998,24.045,20.408,15.434,15.288499999999999,10.703222018585292,11.37343254173495,11.50391800967174,11.527621066347027,8.440460506607288,1.7863159877080566,1.5659470564675453,2.4491042122902678,2.6523889694706746,8.736823705690956,10.718447229985038,10.951494413193267,1.34,3.683,7.7325,11.934000000000001,16.1245,20.738,24.3375,23.96,19.6395,14.513499999999999,8.345,4.1345,8.4275,10.6735,15.3495,20.209,25.639999999999997,32.528000000000006,36.0855,35.632,31.6625,24.718,16.0505,11.7745,-5.747,-3.3340000000000005,0.11299999999999996,3.654,6.6185,8.942499999999999,12.5855,12.2775,7.6175,4.3100000000000005,0.6165,-3.5140000000000002,33.82,48.24,1567.1,11.930333333333332,23.011833333333332,14.165999999999999,3.0524999999999998,13.040166666666666,15.40468739080169,2.8936842337881195,12.422345244780015,15.888323904108287,21.258785755748793,16.937666666666665,23.480000000000004,19.962333333333333,14.490166666666667,18.71754166666667,3,0,POINT (48.24 33.82)
57,OICK,Lorestan,Aligudarz,40783,10.727,10.680499999999999,11.797,12.3915,14.298,17.311499999999995,16.462500000000002,15.935000000000002,16.519999999999996,14.264000000000001,11.234,10.782499999999999,9.680073878724905,9.577210119107534,10.624548539064325,10.585990749109197,8.005308976067292,3.173809668078071,3.2666990602553825,2.515108509244702,3.3016214865770257,7.75130744504432,10.323551849145227,9.865362064746241,0.3265,2.7695,7.385,11.811,16.552,22.3845,26.110000000000003,25.2685,21.202,15.047,7.776999999999999,3.2645000000000004,5.6855,8.119,13.281,18.0135,23.6995,31.038999999999998,34.337,33.2325,29.458999999999996,22.181,13.387,8.6595,-5.0415,-2.5614999999999997,1.484,5.622,9.4015,13.727500000000001,17.8745,17.2975,12.938999999999998,7.917,2.153,-2.123,33.41,49.7,2022.1,11.915999999999999,24.587666666666667,14.675333333333334,2.1201666666666665,13.324791666666664,14.258185509538256,4.357511134584584,11.700820552673395,14.002822560153042,19.424410410183263,12.828833333333334,16.569666666666667,14.006,10.729999999999999,13.533625,3,0,POINT (49.7 33.41)
58,OICK,Lorestan,Azna,99445,13.362,13.074000000000002,13.801,14.298499999999999,16.479499999999998,19.9955,18.932499999999997,18.7735,20.0645,17.3435,13.2505,13.372500000000002,10.337076918546115,10.019063634689418,10.858207668286818,10.591520452423701,8.112676386613456,1.8719803246282316,2.3428635165969203,1.8889478387343686,3.0552717214159686,8.035209393321836,10.38161817058526,10.043973020588037,-1.3735000000000002,2.022,7.417999999999999,11.8735,16.570500000000003,22.232,26.004,25.0685,20.6655,14.649000000000001,7.5655,2.6065,5.3545,8.6095,14.3135,19.0385,24.807499999999997,32.2185,35.4625,34.4595,30.6955,23.325,14.177000000000001,9.313500000000001,-8.0075,-4.4645,0.5125,4.74,8.328,12.223,16.53,15.686000000000002,10.631,5.9815,0.9265000000000001,-4.059,33.45,49.41,1871.8,11.954,24.434833333333334,14.293333333333335,1.085,12.941791666666667,14.426164493635667,2.9685605603957232,11.85525175655015,14.617827100851416,19.847354599698505,14.859666666666664,19.233833333333333,16.886166666666668,13.269500000000003,16.062291666666667,3,0,POINT (49.41 33.45)
59,OICK,Lorestan,Borujerd,40774,9.5215,10.1985,11.1645,12.198999999999998,14.139499999999998,16.670499999999997,16.193499999999997,16.420499999999997,16.608999999999995,14.097000000000001,10.488999999999999,9.88,10.48711950434214,10.76861027298812,11.739840320085808,11.523028838040368,7.977436420440199,3.053127670380998,2.662301887439015,2.406694273395499,2.643832816568618,8.432873824300236,10.60748255352839,10.984744693238559,2.4200000000000004,4.968,9.597,13.962,18.963,25.3155,28.93,28.107499999999998,23.935499999999998,17.672,9.810500000000001,5.351,7.178999999999999,10.065999999999999,15.180000000000001,20.0735,26.0325,33.65,37.0265,36.318,32.239,24.7195,15.053999999999998,10.3025,-2.3425000000000002,-0.1325,4.0155,7.8745,11.893,16.9795,20.833000000000002,19.8975,15.63,10.622499999999999,4.5649999999999995,0.4225,33.92,48.76,1629.0,14.174,27.450999999999997,17.139333333333337,4.246333333333333,15.752666666666663,15.4048840414841,3.942296581673716,12.190725729542043,15.505166505234815,20.996461988995016,12.501,16.428166666666662,13.731666666666664,9.866666666666665,13.131874999999999,3,0,POINT (48.76 33.92)
60,OICK,Lorestan,Dorud,99444,9.806999999999999,10.0565,10.844000000000001,11.781,13.574,16.060499999999998,15.825999999999997,15.824999999999996,16.085499999999996,13.739,10.373500000000002,10.089,11.86974874004065,12.060367104784076,12.369914926023235,11.881566451419808,8.536772634352092,3.292114628631685,2.4130080721830467,2.1848825837094363,2.8343556480037524,9.033986720650859,11.14249865788879,11.927315262594377,3.0905,5.989,10.479000000000001,14.8065,19.782,25.960500000000003,29.676,28.8645,24.7065,18.5015,10.625,5.931,8.014,11.024,15.911000000000001,20.692,26.564,34.001,37.5905,36.769999999999996,32.745,25.372,15.809000000000001,10.9845,-1.793,0.9674999999999999,5.067,8.911,12.99,17.9405,21.7645,20.945,16.6595,11.633,5.435499999999999,0.8955,33.52,49.0,1522.3,15.022499999999999,28.167,17.944333333333333,5.0035,16.534333333333336,16.12435648334277,3.918344434862246,12.893528793642185,17.239224524274462,22.584348418521685,12.066333333333333,15.90383333333333,13.399333333333333,9.984166666666667,12.838416666666665,3,0,POINT (49 33.52)
61,OICK,Lorestan,Khorramabad,40782,12.4465,12.985499999999998,14.350999999999999,15.768500000000001,17.905500000000004,20.839,20.448999999999995,20.332499999999996,20.7945,17.812000000000005,13.6875,13.034500000000001,10.950882937915194,10.5599891911429,11.478118441808773,11.333245866299201,8.014401143660287,2.306472004392331,1.4977744774437016,0.8706587691173612,3.3900516578884865,8.82976320265576,10.608637791360339,11.075785213721453,5.326,7.489,11.3155,15.608500000000001,20.9565,26.964,30.420499999999997,29.975,25.244,19.2545,11.744,7.1285,11.543000000000001,13.988499999999998,18.4895,23.489,29.910000000000004,37.382,40.638999999999996,40.140499999999996,35.638,28.160000000000004,18.587,13.649000000000001,-0.9035,1.003,4.1385,7.7204999999999995,12.0045,16.543,20.19,19.808,14.8435,10.348,4.8995,0.6144999999999999,33.43,48.3,1147.8,15.960166666666666,29.119833333333332,18.7475,6.647833333333334,17.61883333333333,15.15781528099933,2.534975082326879,12.431734531405622,15.672414268575535,21.006626782397248,16.008333333333336,20.540166666666664,17.431333333333335,12.822166666666666,16.7005,3,0,POINT (48.3 33.43)
62,OICK,Lorestan,Kuhdasht,99438,12.969,13.341000000000001,14.874,16.5725,18.999499999999998,21.815000000000005,21.5485,21.994000000000003,22.3775,19.212000000000003,14.8075,14.065999999999999,9.639134234673971,10.646326254606848,10.497202580549935,10.089889565535014,8.140889615356013,1.6984992522418105,0.0,2.0173490697313676,2.566229943873142,7.660255089024315,9.861456089380834,9.561740082292232,4.716,6.5845,10.179,14.5395,19.7225,25.708,28.806,28.256,23.799,18.068,11.056000000000001,6.780499999999999,11.199,13.255,17.6155,22.820500000000003,29.220499999999998,36.6165,39.579,39.2505,34.9855,27.667,18.456,13.822,-1.77,-0.08599999999999998,2.7415,6.248,10.221,14.801499999999999,18.0305,17.2565,12.608,8.455,3.6485,-0.24399999999999994,33.52,47.65,1197.8,14.813666666666668,27.59,17.641000000000002,6.027,16.517916666666668,13.964946318243513,2.357948039236547,11.254164713190583,14.38473820297235,19.25461518621909,16.81533333333333,21.785833333333333,18.799,13.458666666666666,17.714708333333338,3,0,POINT (47.65 33.52)
63,OICK,Lorestan,Nurabad (Lorestan),40773,11.5805,11.172999999999998,12.079,13.4295,15.605500000000001,19.22,18.606,17.996000000000002,18.1085,15.249500000000001,11.9265,11.8755,10.65628656001767,11.30032108101682,11.468977510354335,11.06964081931221,8.177491314879717,2.6061000753373493,2.4618198796843034,1.4612287148125604,2.411289404883506,8.877602225755593,10.775217524225141,10.909001346066042,-0.5635,1.515,6.411499999999999,10.7785,15.3275,20.911,24.7695,24.5915,20.306,14.354499999999998,7.159000000000001,2.9135,5.2255,7.0954999999999995,12.4505,17.4875,23.1355,30.526,34.0685,33.585,29.361,21.978,13.123500000000002,8.8185,-6.3549999999999995,-4.0775,0.3715,4.058,7.529999999999999,11.306000000000001,15.4625,15.588999999999999,11.252500000000001,6.7284999999999995,1.197,-3.057,34.04,48.0,1859.0,10.839166666666666,23.424000000000003,13.939833333333333,1.2883333333333333,12.372833333333332,15.054439222753352,3.293958950938274,12.524729709719423,15.809391948511614,21.07734891713438,13.704666666666668,18.607333333333333,15.094833333333336,11.543000000000001,14.737458333333334,3,0,POINT (48 34.04)
64,OICK,Lorestan,Poldokhtar,40786,9.708,10.408000000000001,11.402999999999997,12.586000000000002,13.3095,14.762500000000003,14.875499999999999,15.048999999999992,15.3855,13.456500000000002,10.779,10.2165,10.055425566435282,10.073886073628058,11.015432883157484,10.175984768264978,7.105279416611414,1.7967017791430526,1.062658569182611,2.4101422641752297,2.977987019446039,7.6455710761628275,10.646090977978364,10.792845055171052,9.644,11.6775,15.929499999999999,21.259,27.813499999999998,34.1935,36.816500000000005,36.344,32.025,25.308,16.578,11.614,14.503,16.8895,21.631999999999998,27.549500000000002,34.4715,41.572500000000005,44.257,43.870999999999995,39.716,32.0195,21.9815,16.716,4.795,6.4815,10.229000000000001,14.9635,21.162,26.810000000000002,29.3815,28.822000000000003,24.3305,18.563,11.2025,6.4995,33.16,47.72,713.5,21.667333333333332,35.78466666666667,24.637,10.978500000000002,23.266875,14.008583172095673,2.7589241763811208,11.887725969396872,14.882429026901598,19.78627419971504,12.432833333333333,14.895666666666665,13.207,10.110833333333334,12.661583333333333,1,3,POINT (47.72 33.16)
65,OICK,Lorestan,Silakhur,99468,11.878,12.359,13.510999999999997,14.827499999999999,17.5095,21.963,21.6805,21.888999999999996,22.245,18.685500000000005,13.463999999999999,12.506499999999999,9.473276698953661,9.55356627860754,10.938249037137597,10.592857416755178,7.8557478830051535,3.552408601508425,2.232706935536604,1.939877414580333,2.9866069645095354,8.252958840743517,10.204777974248248,10.030904393459107,2.379,5.227,9.657,13.584,18.1185,23.726,27.270999999999997,26.445999999999998,22.232999999999997,16.5225,9.3965,5.043,8.323,11.4165,16.426499999999997,21.0005,26.871,34.707,38.1125,37.388999999999996,33.3545,25.866000000000003,16.1285,11.298,-3.5549999999999997,-0.9425000000000001,2.9155,6.173,9.3615,12.744,16.432,15.5,11.1095,7.1805,2.6645,-1.2085,33.74,48.87,1496.9,13.786499999999998,25.814333333333334,16.050666666666668,4.216333333333334,14.966958333333332,14.393785899031895,3.984523530282548,11.820141794350516,13.97857266385563,19.511726455460597,15.282666666666666,21.844166666666666,18.131500000000003,12.247833333333332,16.876541666666665,3,0,POINT (48.87 33.74)
66,OICS,Kordestan,Baneh,99280,7.3885,8.031500000000001,8.475,10.0475,11.5055,13.597999999999999,13.950000000000003,13.899499999999996,13.059000000000001,10.895000000000003,8.607500000000002,8.0885,12.723819146433943,13.067050031558527,12.927425975691158,11.837936889429816,9.252091078260438,3.271689251797668,3.272934423850064,3.6607986949744316,4.016597700493017,9.639385359364308,11.816848477871513,12.409197996845279,0.8425,2.4855,7.053,12.368,17.669999999999998,24.1815,27.772000000000002,27.708999999999996,23.1505,16.1715,8.166500000000001,3.6020000000000003,4.859,6.7155000000000005,11.386,17.334,23.0505,30.3735,34.3395,34.397499999999994,29.493000000000002,21.767000000000003,12.8495,8.0405,-2.5294999999999996,-1.3160000000000003,2.911,7.286499999999999,11.545,16.7755,20.389499999999998,20.497999999999998,16.434,10.872,4.242,-0.04799999999999999,36.01,45.9,1600.0,12.363666666666665,26.554166666666664,15.829500000000001,2.31,14.264333333333335,16.64467811408209,4.920612874497243,13.769262259260776,18.37285102978811,23.836263950297827,10.009333333333332,13.815833333333332,10.853833333333336,7.836166666666667,10.628791666666666,0,0,POINT (45.9 36.01)
67,OICS,Kordestan,Bijar,40748,7.771999999999999,8.429,9.6865,10.914000000000001,12.281500000000001,14.908500000000002,15.541,15.521500000000003,14.723000000000003,11.940000000000001,8.5435,7.808,8.634269247863827,9.25458258447152,9.988353106921169,10.3797931111876,8.746463877267644,4.389056828007971,3.835176597243709,4.174562804566809,3.9444401830866402,8.424991708409923,10.033255948258262,8.900130452996748,-1.7189999999999999,0.367,5.827,10.977,15.991999999999999,22.5305,25.779500000000002,24.943,20.785,13.6745,5.657,0.9654999999999999,2.4265,4.867,11.018,16.645500000000002,22.0775,29.669,33.4015,32.6,28.066000000000003,19.990000000000002,10.32,5.239,-5.3454999999999995,-3.562,1.3315,5.7315,9.796,14.760499999999999,17.8605,17.0785,13.343,8.05,1.7765,-2.569,35.89,47.62,1883.4,10.932,24.417666666666666,13.372166666666667,-0.12883333333333333,12.148249999999999,14.067598250211027,5.978720918962373,11.862765238241522,12.889236459557372,18.95312544898661,10.960666666666668,15.323666666666668,11.735500000000002,8.003,11.505708333333333,3,0,POINT (47.62 35.89)
68,OICS,Kordestan,Kamyaran,99425,11.234736842105264,11.965263157894736,13.373684210526317,15.59,17.794210526315787,21.007368421052632,20.322105263157898,20.22421052631579,20.706315789473685,17.389473684210525,13.01736842105263,11.918947368421053,10.098231889949577,11.345274802808822,10.914124718125464,10.467746833406212,8.34386224699019,1.7863159877080566,1.6643077740616092,1.6798072341184087,3.048471867296749,8.765377042552629,11.031726586904465,9.502566250387183,2.2026315789473685,4.58578947368421,9.293684210526317,14.011578947368422,19.383684210526315,26.20421052631579,29.943684210526317,29.40157894736842,24.373684210526317,17.689473684210526,9.467894736842107,4.838947368421053,7.4584210526315795,10.111052631578946,15.121052631578948,20.337894736842106,26.070526315789472,33.63421052631579,37.404210526315794,37.11105263157895,32.54,25.00578947368421,15.43421052631579,10.301578947368421,-3.776315789473684,-1.8542105263157893,1.7473684210526317,4.747894736842106,8.276315789473685,12.626842105263158,17.082105263157896,16.88684210526316,11.833684210526316,7.616315789473685,2.416842105263158,-1.6173684210526316,34.79,46.89,1404.0,14.229649122807018,28.516491228070176,17.17701754385965,3.8757894736842107,15.949736842105262,14.467163109053583,2.4689492708881966,12.691638946658571,14.96010137481706,20.356515409584205,15.585964912280701,20.517894736842106,17.037719298245612,11.706315789473683,16.211973684210523,3,0,POINT (46.89 34.79)
69,OICS,Kordestan,Marivan,40750,12.294,12.427,12.821000000000002,15.0475,17.774500000000003,21.3345,21.439000000000004,22.228500000000004,22.176000000000002,18.786,14.217999999999998,13.248999999999999,14.274563155067636,14.23553883314352,13.897585972096056,12.147779121810974,9.115988476336558,3.032969672889397,1.5508493437319588,2.4645668356338195,3.821758827502558,9.946480746604124,13.206887284320029,13.479273177974651,0.5065,2.9425,8.006499999999999,12.6375,17.2455,22.929499999999997,26.432,26.2135,21.3375,15.075,7.8795,3.3835,7.258,9.7235,14.608500000000001,20.145,25.834500000000002,32.745,36.374,36.7625,32.1925,24.8615,15.860499999999998,10.872,-5.036,-2.7035,1.7875,5.0975,8.059999999999999,11.4105,14.934999999999999,14.534,10.016499999999999,6.0755,1.6425,-2.377,35.5,46.15,1287.0,12.629833333333332,25.191666666666663,14.763999999999998,2.2775,13.71575,17.362901537423646,3.5985590941339174,14.953068127917625,20.200099662939973,25.645559942134255,15.214333333333334,21.667333333333335,18.393333333333334,12.656666666666666,16.982916666666668,3,0,POINT (46.15 35.5)
70,OICS,Kordestan,Qorveh,40772,8.685,9.229500000000002,10.214,11.331,12.404,14.896999999999997,15.263000000000002,15.108999999999998,14.5985,12.4485,9.4835,9.081000000000001,8.392936238449227,9.185176190478852,10.01078835694996,10.690345616651745,8.570078094114102,3.619289463018749,2.724783250161643,2.4435342494359906,3.1922337711927025,8.181128523986803,9.627927933651968,8.625227887278502,-0.9235,1.2005000000000001,6.6370000000000005,11.5,16.4555,22.963,26.497500000000002,25.759500000000003,21.384,14.544999999999998,6.3995,1.8675000000000002,3.6865,6.073,11.973,17.2075,22.4485,29.951999999999998,33.85,33.0265,28.4575,20.9075,11.5365,6.718000000000001,-4.9985,-3.1565000000000003,1.759,5.8765,10.0445,15.055000000000001,18.587,17.9175,13.859,8.459,2.053,-2.363,35.18,47.79,1906.0,11.530833333333334,25.073333333333334,14.109500000000002,0.7148333333333334,12.857124999999998,14.185308484361757,4.348539607535604,11.376961783769435,12.615589170175767,18.58280871964196,11.316333333333333,15.089666666666664,12.176833333333333,8.998500000000002,11.895333333333332,3,0,POINT (47.79 35.18)
71,OICS,Kordestan,Sanandaj,40747,12.018,12.690999999999999,14.0175,15.7795,17.598999999999997,20.578999999999997,20.092500000000005,20.344500000000004,21.315500000000004,18.448,13.5615,12.4815,9.220362898871375,10.119825125736114,10.397089915571355,10.42403219512001,8.559672375151006,2.9310186054900984,1.9539477333835444,2.3257349200973003,2.4803797545415316,8.528348257505085,10.171830515975394,9.074484738280052,1.0565,3.7185,8.652,13.378499999999999,18.3035,25.125,28.9475,28.1435,22.654,15.7165,8.0145,3.4585,7.6895,10.6405,15.963,21.451,27.077499999999997,34.8505,38.566,38.033,33.261,25.4005,15.5935,10.4465,-4.3285,-2.0505,1.9454999999999998,5.6715,9.4785,14.2715,18.473499999999998,17.688499999999998,11.9455,6.952500000000001,2.032,-2.035,35.26,47.02,1373.4,13.444666666666665,27.405333333333335,15.461666666666666,2.7445,14.764041666666666,14.233745701692493,3.5626803027653264,11.906660113823248,13.693153735608325,19.295885365880316,15.798666666666668,20.33866666666667,17.775000000000002,12.396833333333333,16.577291666666667,3,0,POINT (47.02 35.26)
72,OICS,Kordestan,Saqez,40727,11.613500000000002,11.991,13.1485,15.070500000000001,17.584,21.785500000000003,20.840500000000002,20.82,20.838499999999996,17.572000000000003,13.1395,12.0795,10.1423636415505,10.713541535614606,10.969890108302259,10.520985994800354,8.681494996163764,4.848807585839879,4.018869181862766,3.864637593091428,3.698709069978032,8.38085207680362,10.650324367265092,10.134450861670196,-1.9294999999999998,0.992,6.2335,10.907,15.381499999999999,21.095499999999998,25.1735,24.7925,19.896,13.290000000000001,5.953,0.64,4.2045,7.281999999999999,12.869,18.3335,23.666,30.841500000000003,34.588,34.447,29.851499999999998,22.1715,13.0775,7.3004999999999995,-7.409000000000001,-4.709,-0.2795,3.2630000000000003,6.082,9.056000000000001,13.747499999999999,13.627,9.013,4.599500000000001,-0.062000000000000034,-4.779,36.22,46.31,1522.8,10.840666666666666,23.687166666666666,13.046333333333335,-0.09916666666666663,11.868749999999999,14.641873285925595,6.185240647060965,12.270079521920474,14.908929680263919,20.437716971888136,15.267666666666665,21.148666666666667,17.183333333333334,11.894666666666666,16.373583333333332,3,0,POINT (46.31 36.22)
73,OICS,Kordestan,Zarrineh,40749,10.109499999999999,10.204,10.0565,12.0395,13.865499999999999,16.907999999999998,17.0465,16.895500000000002,16.5875,13.629,9.8345,9.9175,8.847555902050827,9.622026967299224,10.374128247264546,10.742273156672358,8.646101799698975,4.522194877312085,4.04572530734531,4.140039984988814,3.840833875619504,8.358439839196514,9.883003179336933,9.047729963904292,-4.4185,-2.8445,2.2845,7.667,12.531,18.7605,22.5535,21.9155,17.361,10.6035,3.083,-1.573,0.9155,2.577,7.5409999999999995,13.775,19.1405,26.444499999999998,30.5125,29.985000000000003,25.437,17.607,8.474,3.8085,-9.193999999999999,-7.627,-2.5155,1.7355,5.275,9.5365,13.466,13.089500000000001,8.8495,3.978,-1.3605,-6.109,36.06,46.91,2142.6,7.4941666666666675,21.0765,10.349166666666667,-2.9453333333333336,8.993625000000002,14.426420758610856,6.123905121524859,11.71047835248364,13.245967682443698,19.275855513714156,11.987166666666667,16.95,13.350333333333332,10.077,13.091124999999998,3,0,POINT (46.91 36.06)
74,OIFM,Esfahan,Ardestan,40799,9.9105,10.4805,11.2205,11.458499999999997,12.2775,13.086000000000006,12.845999999999997,12.862000000000002,12.698999999999995,11.48,9.361,9.37,7.390650476232491,6.975492529121608,7.403139646549825,7.571813877897915,6.34687468913846,3.2408817393931604,1.8410328165031777,1.0384988203702208,2.3898880102517692,3.9463674342970814,7.203933036353019,7.101249532114721,5.958,9.079,15.006499999999999,20.192500000000003,25.954,31.5385,33.6,31.8405,28.238999999999997,21.52,12.7775,7.62,10.568000000000001,13.8135,20.063,25.2855,31.177,36.871500000000005,39.032,37.1685,33.644999999999996,26.6375,17.103,12.020999999999999,0.6575000000000001,3.3329999999999997,8.8425,13.827000000000002,18.8995,23.7855,26.186,24.3065,20.946,15.157499999999999,7.742,2.651,33.35,52.38,1255.5,20.384333333333334,32.32633333333333,20.8455,7.552333333333333,20.277125,10.308768101756407,3.459394683999698,7.65724320032079,10.326553536266228,13.902537362645724,11.652166666666664,12.931333333333335,11.179999999999998,9.920333333333334,11.420958333333333,2,1,POINT (52.38 33.35)
75,OIFM,Esfahan,Daran,40787,11.3865,10.775500000000001,11.8385,12.36,13.546000000000001,15.683,15.130500000000001,15.531500000000005,16.189500000000002,14.431999999999997,11.765,11.737,9.22044131565377,9.384416612497578,10.094831195068446,9.684234140202095,7.51505125590186,3.2896523131067243,3.2613802227635325,2.138518204409624,3.3271106127756127,6.791468539433778,9.943312594346768,9.422189918536981,-2.0170000000000003,0.39249999999999996,5.544,10.271,15.471,21.7,24.95,23.443,19.5925,13.232499999999998,5.517,0.7729999999999999,4.135,6.155,11.75,16.5995,22.0605,28.8935,31.909000000000002,30.585500000000003,27.359500000000004,20.551499999999997,11.9745,7.321000000000001,-7.2515,-4.6205,-0.08849999999999998,4.2395000000000005,8.5145,13.2105,16.7785,15.053999999999998,11.17,6.1195,0.20949999999999996,-4.4159999999999995,32.99,50.41,2290.0,10.428666666666667,23.364333333333335,12.780666666666669,-0.2838333333333335,11.572458333333332,13.316436234538418,4.31012576725791,11.005974715642502,13.475180736088134,18.392057063169077,12.5815,15.448333333333336,14.128833333333333,11.299666666666667,13.36458333333333,3,0,POINT (50.41 32.99)
76,OIFM,Esfahan,Esfahan,40800,13.288999999999998,13.5435,13.523999999999997,13.612000000000002,14.462999999999996,15.936,15.860500000000002,16.5125,17.163999999999994,16.021500000000003,13.6855,13.4295,6.611183976055627,7.49949626246352,7.671939242220018,7.288491279509357,6.103661691165726,3.019868128680339,2.5313388425861545,2.369878159035072,1.2682651410769994,3.5126075920150615,7.402653054067916,6.730285411586245,4.0605,7.385,12.5965,17.439,22.927,28.835500000000003,31.051,28.871499999999997,24.9945,18.6385,10.3855,5.4325,10.943999999999999,14.2065,19.322499999999998,24.062,29.833499999999997,36.0865,38.384,36.539,33.14149999999999,26.574,17.526,12.599,-2.3449999999999998,0.663,5.7985,10.45,15.370500000000002,20.1505,22.5235,20.026500000000002,15.977500000000001,10.5525,3.8405,-0.8305,32.52,51.71,1550.4,17.654166666666665,29.586,18.006166666666665,5.626,17.718083333333333,10.215745258086908,3.8500758966316546,7.668993202757761,10.05176491037353,13.732771811227966,13.866333333333332,16.102999999999998,15.623666666666665,13.420666666666667,14.753416666666666,2,1,POINT (51.71 32.52)
77,OIFM,Esfahan,Esfahan (Airport),40802,15.7975,16.467,17.1805,17.115,18.3275,20.021500000000003,19.645,20.408,21.174,19.5435,16.225499999999997,15.625,5.734539437382066,6.167151978687055,6.895803651617743,6.708210029068113,5.412954721808852,3.134949621324642,2.800765097041449,1.560490750707885,1.8321387994479619,3.247532644056132,6.87597892396632,5.850471143294778,2.018,5.4115,10.626999999999999,15.7065,21.2285,27.243000000000002,29.7335,27.472500000000004,23.0865,16.469,8.4215,3.594,10.1505,13.6625,19.0005,23.891,29.705000000000002,35.981,38.375,36.522,32.9255,26.058,16.794999999999998,11.7865,-5.647,-2.8045,1.8199999999999998,6.776000000000001,11.377500000000001,15.9595,18.73,16.113999999999997,11.7515,6.5145,0.5695,-3.8385,32.49,51.86,1551.9,15.854,28.149666666666672,15.992333333333335,3.6745,15.917625,9.238012228342436,3.839025360284147,7.149766077078065,8.54253192371679,12.240161474225015,17.541,20.024833333333333,18.980999999999998,15.963166666666666,18.127499999999998,2,1,POINT (51.86 32.49)
78,OIFM,Esfahan,Fereidunshahr,99489,9.2025,9.2665,9.8155,10.72,11.9385,14.638499999999999,14.263499999999997,14.147000000000004,14.280000000000001,12.258999999999999,9.680000000000001,9.715,10.814007886644323,11.658155243243328,12.132037222847039,11.196948573479922,8.569170304550067,3.837894172358364,4.312994762250616,3.9057115524490813,3.6904061166352076,7.9103000829660886,12.029741043115564,10.748220365218426,-0.666,0.7725000000000001,5.340999999999999,10.162,15.6375,21.7975,24.7585,23.45,20.0055,13.703999999999999,5.7844999999999995,1.8045000000000002,3.3939999999999997,4.7615,9.5385,14.5585,20.084,26.9745,30.051499999999997,28.847500000000004,25.5455,18.6545,10.079,6.148000000000001,-5.8085,-4.505,-0.27699999999999997,3.8385,8.1455,12.336,15.788,14.7005,11.2655,6.3955,0.39899999999999997,-3.567,32.94,50.13,2490.0,10.380166666666666,23.335333333333335,13.164666666666667,0.637,11.879291666666667,15.630449512492444,5.812142614940123,13.173435249429609,15.993213267506736,21.822210340931655,10.824666666666666,14.349666666666666,12.073,9.394666666666668,11.660499999999999,3,0,POINT (50.13 32.94)
79,OIFM,Esfahan,Golpayegan,99417,11.027000000000001,11.192000000000002,11.77,12.158500000000002,13.495499999999998,15.201999999999995,14.557500000000005,14.702000000000002,15.589999999999998,14.025499999999997,11.200500000000002,11.102500000000001,8.036241818395137,8.614146538469097,8.984376185255043,9.04744492036162,6.7354326906969995,3.4820853313811533,3.1315542437937425,2.6730748660601886,3.3022329545948175,5.767796156110183,9.095848043528974,8.244777839908181,2.1395,4.878500000000001,9.957,14.5485,19.9675,26.464999999999996,29.435000000000002,27.76,23.7615,16.9715,8.868500000000001,4.3525,7.2155000000000005,10.004000000000001,15.116499999999998,19.755000000000003,25.467,32.400999999999996,35.310500000000005,33.789,30.195999999999998,23.019,13.996500000000001,9.598,-3.8115,-1.188,3.3465,7.596500000000001,11.9715,17.199,20.753,19.087,14.606,8.993500000000001,2.7960000000000003,-1.5045,33.48,50.26,1870.0,14.824333333333334,27.886666666666667,16.533833333333334,3.7901666666666665,15.75875,12.099542363676775,4.514848073173276,9.93433644009599,11.978294094812819,16.58567012234719,12.474666666666666,14.820500000000001,13.605333333333334,11.107166666666666,13.001916666666666,3,0,POINT (50.26 33.48)
80,OIFM,Esfahan,Kabutarabad,40803,14.8025,15.361500000000001,15.990000000000002,16.207,17.507,19.436500000000002,18.975,19.564500000000002,20.443500000000004,18.766000000000002,15.305000000000001,14.5735,6.246237735713219,6.471671589794341,6.875837914401061,6.716126594329889,5.671614287155938,2.7896728418259973,2.6404904200637187,1.2805791649874942,1.6880359523050907,3.4554908014656798,6.998843346304382,6.181491804096197,4.45,7.711,12.8845,17.679,23.1435,29.3325,31.817500000000003,29.5345,25.4045,19.018,10.776,5.95,10.9725,14.3655,19.4995,24.1715,29.767500000000002,36.2145,38.717,36.761,33.2475,26.579500000000003,17.4185,12.4855,-3.8299999999999996,-0.9960000000000001,3.5095,7.964499999999999,12.2605,16.778,19.741999999999997,17.1965,12.803999999999998,7.8135,2.1135,-2.088,32.52,51.83,1542.5,17.90233333333333,30.22816666666667,18.3995,6.037,18.14175,9.323423438567165,3.4820853313811533,7.29926808199459,9.089437489068263,12.583483860992853,16.568,19.325333333333337,18.1715,14.9125,17.244333333333334,2,1,POINT (51.83 32.52)
81,OIFM,Esfahan,Kashan,40785,11.787999999999998,12.434,13.5005,13.9175,14.726499999999998,15.711000000000002,15.314,15.9635,16.170500000000004,14.415499999999998,11.845,11.5185,6.73205107977549,6.956464492282526,7.5849888373988925,6.836125503128778,5.7561496901830935,3.2396118012774835,1.8110432210393057,2.928300023005523,1.7987645843751046,4.399931128398567,6.890472041431641,6.254258431196559,5.0235,8.34,14.440999999999999,19.966,25.913999999999998,31.759500000000003,34.29,32.2565,27.68,20.411,11.9255,6.7035,11.440999999999999,14.886,21.3455,26.8915,32.9935,39.054,41.503,39.839,35.722,27.9335,18.297,12.994,-0.347,2.452,7.845000000000001,12.974,18.267,23.343,26.189,23.8755,19.551499999999997,13.518,6.452,1.4755,33.97,51.48,955.0,20.107,32.76866666666667,20.0055,6.689,19.892541666666666,9.818630393729606,4.021756449677166,7.4778606367110285,9.60594250132551,13.230884980127549,14.048166666666665,15.662833333333333,14.143666666666668,11.913499999999999,13.942041666666668,2,1,POINT (51.48 33.97)
82,OIFM,Esfahan,Khansar,99482,9.735263157894737,9.376000000000001,9.854,10.437999999999999,11.517000000000001,13.737499999999999,12.873000000000001,12.482499999999998,12.909,11.132000000000001,9.374,9.7675,8.859717798490916,10.406363216340168,10.77843203674227,10.435921151936052,8.854236323942573,3.430464397790711,3.610361097797277,3.2408817393931604,3.283480343050141,7.5757072901712705,10.386038959284488,10.114875313131918,0.7131578947368421,2.459,7.150499999999999,11.7705,17.119999999999997,23.499000000000002,26.531,25.134,21.4595,14.8905,6.9475,2.95,5.115263157894737,6.5205,11.347,16.0275,21.53,28.512999999999998,31.5115,30.101999999999997,26.6185,19.5225,11.1545,7.45,-4.62,-2.8555,1.4929999999999999,5.5895,10.013,14.7755,18.6385,17.6195,13.7095,8.3905,1.7805,-2.3175,33.21,50.32,2300.0,12.013666666666666,25.054666666666666,14.432499999999997,2.040719298245614,13.385388157894736,14.554121953046966,4.952483194446911,11.67292543996468,14.189978381550734,19.705784759649283,10.603,13.031,11.138333333333335,9.626254385964913,11.099646929824564,3,0,POINT (50.32 33.21)
83,OIFM,Esfahan,Khur-Va-Biabanak,40789,11.9845,11.9265,12.725999999999997,12.923499999999997,13.200999999999993,14.153000000000002,13.647000000000006,13.724999999999994,14.875500000000002,13.921500000000002,12.1525,11.811499999999999,5.366597652666677,6.249055857382337,6.109293368152878,5.923092491882739,4.673702538704454,2.8247800491817796,1.3608184231906735,0.21544346900318836,1.5645865457422397,3.073022943114913,5.389875863831136,4.820858303445553,7.206999999999999,10.404,16.712,22.34,28.0985,32.8695,34.5075,32.211,28.383999999999997,22.168,14.040000000000001,8.671000000000001,13.6065,16.631,23.119999999999997,28.714999999999996,34.515499999999996,39.618,41.106,38.921499999999995,35.797000000000004,29.338,20.5685,15.123,1.6219999999999999,4.7045,10.394,15.7915,21.314500000000002,25.465,27.458999999999996,25.1965,20.9215,15.4165,8.416,3.3115,33.77,55.08,842.2,22.383499999999998,33.196000000000005,21.530666666666665,8.760666666666667,21.46770833333333,8.132733465268842,2.926744278245701,5.743142423368106,7.992858209584271,10.809502382188274,12.950166666666663,13.841666666666669,13.649833333333333,11.907499999999999,13.087291666666665,2,1,POINT (55.08 33.77)
84,OIFM,Esfahan,Meymeh,99447,13.6695,13.331999999999999,14.548500000000002,14.613999999999999,16.0685,17.862499999999997,17.087,18.049500000000005,18.7825,17.156,13.3795,13.4545,6.618192841938216,6.871040143886074,7.795493781124826,7.974502152142124,6.957359834487351,3.403917054155254,3.6355026370622365,2.8092381938806805,2.8438669798515654,5.0799158851056685,7.9935886131374465,6.871393149381028,0.6075,3.5545,8.5875,13.440000000000001,18.990000000000002,25.486,28.108999999999998,26.1995,22.427500000000002,15.7015,7.563,2.9435,6.2495,9.017,14.248500000000002,19.0355,24.767,31.474,34.033,32.572500000000005,29.02,22.075,13.0625,8.699,-7.42,-4.3149999999999995,-0.3,4.4215,8.6985,13.611500000000001,16.946,14.523,10.2375,4.919,-0.317,-4.7555,33.45,51.18,1980.0,13.672500000000001,26.598166666666668,15.23066666666667,2.3684999999999996,14.467458333333333,10.963016290242813,4.7864781477038925,8.727906164566079,9.791377950342206,14.471764315445313,15.077,17.666333333333338,16.439333333333334,13.485333333333331,15.667000000000002,3,1,POINT (51.18 33.45)
85,OIFM,Esfahan,Murchehkhort,99449,13.0435,13.9665,14.556000000000001,14.2015,15.077500000000002,16.127000000000002,15.526000000000003,16.336842105263155,17.1645,15.9925,13.093,12.889999999999999,6.099722284230177,6.035255400012944,7.306955277610651,7.118657534212326,5.972559883158237,3.089873302932822,3.629186601692637,1.7863159877080566,2.1558700233612114,4.232848988062937,7.371929201307088,6.339916208626992,3.5315,6.480500000000001,11.553,16.701500000000003,22.413999999999998,28.8245,31.402499999999996,29.288947368421052,25.317,18.488999999999997,10.164,5.319,9.605,12.857,17.9695,22.816,28.642000000000003,35.0555,37.4605,35.67368421052631,32.314,25.434,16.2275,11.442499999999999,-3.4385,-1.1095,3.4135,8.6145,13.5645,18.9285,21.9345,19.336842105263155,15.1495,9.441500000000001,3.1345,-1.4475,33.08,51.48,1673.0,16.8895,29.838649122807016,17.99,5.110333333333334,17.457120614035087,9.878257217446016,4.362070671454838,7.864865606386421,8.885842069195347,13.074561671025634,14.611666666666666,15.996614035087722,15.416666666666666,13.299999999999999,14.831236842105262,2,1,POINT (51.48 33.08)
86,OIFM,Esfahan,Naein,40801,11.8815,12.2595,12.910500000000003,12.950000000000003,13.652999999999997,14.709,14.253500000000003,14.756500000000003,15.227499999999996,13.847499999999998,11.679,11.7015,6.078505374763019,5.994995827536633,6.679718873751163,6.031134457772044,5.644961179652192,2.255214244405365,2.3769789599991578,1.091392883061106,1.633661834060757,3.636006972594414,6.732860034916797,5.313174770114756,4.9505,7.6145,13.093,18.176,23.66,29.235500000000002,31.222500000000004,29.139499999999998,25.622500000000002,19.265,11.0805,6.602500000000001,10.559000000000001,13.2785,18.808500000000002,23.705000000000002,29.339,34.896,36.7755,34.910000000000004,31.752999999999997,25.1375,16.404,12.178999999999998,-1.3225,1.019,5.898000000000001,10.754999999999999,15.686000000000002,20.187,22.522,20.1535,16.5255,11.290000000000001,4.725,0.47750000000000004,32.85,53.08,1573.7,18.30966666666667,29.86583333333333,18.656000000000002,6.389166666666667,18.305166666666665,8.86760939970231,2.970072817692642,7.098207575040604,8.387396063634313,11.867003665610852,13.171166666666666,14.573000000000002,13.584666666666665,11.9475,13.319083333333333,2,1,POINT (53.08 32.85)
87,OIFM,Esfahan,Najafabad,99497,12.8025,13.0955,13.675500000000001,13.7975,14.919000000000002,16.195500000000003,16.041500000000003,16.2715,16.477,15.4755,12.982000000000001,12.7615,6.84886940333125,7.3599491962466725,7.521420246313427,7.211376049219804,6.04949794344852,2.519842099789746,2.000832986352037,3.1518172096322705,1.7565739134827232,4.084654114827269,7.410734360451326,6.995711659126842,4.9159999999999995,7.8895,12.902000000000001,17.744999999999997,23.398,29.520999999999997,31.901999999999997,29.796499999999998,26.028,19.582,11.237,6.4845,10.5145,13.529499999999999,18.617,23.301,29.117,35.393,37.8275,35.911,32.4735,25.9435,16.8945,12.215,-2.288,0.434,4.9415,9.503499999999999,14.197999999999999,19.197499999999998,21.785999999999998,19.6395,15.996500000000001,10.468,3.9125,-0.5465,32.6,51.39,1636.2,18.015,30.406499999999998,18.949,6.43,18.450124999999996,10.07250634572234,3.8103136259211134,7.83277899603223,10.203529471890858,13.786032215968081,14.130666666666668,16.169500000000003,14.978166666666667,12.8865,14.541208333333335,2,1,POINT (51.39 32.6)
88,OIFM,Esfahan,Natanz,99421,8.4195,8.7955,9.815000000000001,9.909,10.640000000000002,11.125499999999999,10.748000000000001,10.543000000000003,10.48,9.4095,7.9434999999999985,7.907,8.153594710687875,7.688158557282387,8.445417259937468,8.011338090039608,7.034455970081866,3.4930474226829062,1.866255578408624,1.4580997358267114,2.719384953208216,4.63415037722325,8.250364232465188,6.899796955447789,3.6405000000000003,6.1445,11.623000000000001,16.677500000000002,22.356,28.211000000000002,30.457,28.877,25.215,18.5005,9.991,5.4815,7.327,9.808,15.771,20.765,26.493000000000002,32.387,34.6355,32.9945,29.343,22.31,13.434999999999999,8.961,-1.0925,1.0125,5.9559999999999995,10.856,15.853,21.2615,23.8875,22.4515,18.863,12.9005,5.4915,1.054,33.49,51.93,1685.0,16.885500000000004,29.18166666666667,17.902166666666666,5.0888333333333335,17.264541666666666,11.356477119617924,3.7377675486968127,8.798915155524474,10.983363280579688,15.216202137184066,10.121333333333334,10.8055,9.277666666666667,8.374,9.644625,0,1,POINT (51.93 33.49)
89,OIFM,Esfahan,Samirom,99515,9.128499999999999,8.986,9.953,10.119000000000002,10.895,12.181999999999999,11.919,11.945,12.064500000000004,11.179,9.460999999999999,9.2905,11.251979898448884,12.15516103342565,11.936773938644302,9.739822823537736,6.954879860476151,2.311473856879087,3.61163928281442,2.986606964509536,1.967818279208656,5.386201625811997,11.282385693273325,10.856652464329745,1.3795,2.9475000000000002,7.311,11.9875,17.6935,24.0305,26.444499999999998,25.061500000000002,21.7565,15.7185,7.883,3.875,5.5409999999999995,7.0035,11.6595,16.2495,21.91,28.4775,30.999000000000002,29.683,26.628500000000003,20.4145,12.163499999999999,8.1435,-3.5875,-1.9825,1.7065000000000001,6.1305,11.015,16.2955,19.080000000000002,17.738,14.563999999999998,9.2355,2.7024999999999997,-1.147,31.42,51.55,2459.9,12.330666666666668,25.17883333333333,15.119333333333335,2.734,13.840708333333334,14.360048726955023,4.415715154384799,11.696168419297187,16.50978299549086,20.913826767093774,10.322333333333335,12.015333333333333,10.9015,9.135,10.593541666666667,0,0,POINT (51.55 31.42)
90,OIFM,Esfahan,Shahreza,40815,13.297999999999998,13.171499999999998,13.919500000000001,14.0505,15.498999999999999,17.679,16.9565,17.5435,18.798000000000002,17.566999999999997,14.3485,13.930499999999999,7.22327856562884,7.634435153440801,7.564131537884043,6.9862314392625215,5.8103659256257565,3.084627327982556,2.772867175923545,2.3519374395256065,2.6599483661562284,3.9568273741868643,7.946834967583008,6.9311620008704935,3.2704999999999997,5.95,10.668000000000001,15.39,20.7715,26.555,28.932499999999997,26.783499999999997,22.8675,16.6245,9.031,4.845000000000001,9.649,12.250499999999999,17.0985,21.625,27.333,33.5875,35.7525,33.843,30.685000000000002,24.256999999999998,15.838,11.626999999999999,-3.649,-0.9209999999999999,3.179,7.5745000000000005,11.834,15.9085,18.796,16.299500000000002,11.887,6.69,1.4895,-2.3035,31.98,51.81,1858.0,15.609833333333333,27.423666666666662,16.174333333333333,4.6885,15.974083333333335,9.898744866897296,3.993322191254765,8.352137093872736,10.49154269852622,14.04588685042981,14.489666666666665,17.392999999999997,16.9045,13.466666666666663,15.563458333333331,2,1,POINT (51.81 31.98)
91,OIFM,Esfahan,Zarrinshahr,99507,15.1895,15.39,15.924,15.8775,17.2675,18.6475,17.596999999999998,18.430000000000003,20.118500000000004,19.109,15.722499999999998,15.2875,6.965544971252568,7.7466999477512095,7.753248724691116,7.516880496525727,5.828869146836459,2.3058452456646266,2.5308185262626406,2.0614273577675997,2.5308185262626406,4.2680889897816705,7.987219175522695,7.256854397481261,4.491,7.5265,12.434999999999999,17.301499999999997,23.015,29.055,31.3185,29.148500000000002,25.1375,18.707,10.683,6.151,11.169,14.174000000000001,19.125,23.68,29.534499999999998,35.786,37.8705,36.099000000000004,32.9665,26.549500000000002,17.625999999999998,13.0285,-4.0205,-1.216,3.2009999999999996,7.8025,12.267,17.1385,20.273500000000002,17.669,12.847999999999999,7.4405,1.9035,-2.259,32.4,51.38,1713.8,17.58383333333333,29.840666666666667,18.175833333333333,6.056166666666667,17.914125000000002,10.287772589255328,3.3391121978500884,8.45074162229147,10.582152236944133,14.284306385061182,16.356333333333332,18.224833333333336,18.316666666666666,15.289000000000001,17.04670833333333,2,1,POINT (51.38 32.4)
92,OIFS,Chaharmahal Va Bakhtiari,Borujen,99459,13.061499999999999,12.450999999999999,13.305500000000002,13.972,16.008499999999998,19.408,18.589000000000002,18.791,19.463499999999996,17.437499999999996,13.858500000000001,13.8625,8.440881589215493,9.356133316542804,9.607062222396552,8.588871490039033,5.868045187993825,2.9821158194414092,3.0014807504872305,2.1869753843985835,2.434569126875474,5.108942404152868,9.161289775987408,8.447659914784705,-0.35900000000000004,2.54,7.096500000000001,11.508,16.752000000000002,22.35,25.0815,23.215,19.472,13.628,6.5115,2.1125,6.156000000000001,8.692499999999999,13.461000000000002,18.037,23.7625,30.314,32.765,31.201,28.121,21.744999999999997,13.477500000000001,9.26,-6.905499999999999,-3.7585,0.15550000000000003,4.0649999999999995,7.7540000000000004,10.906,14.175999999999998,12.41,8.6575,4.3075,-0.381,-4.6025,31.98,51.3,2260.0,11.7855,23.548833333333334,13.203833333333334,1.4311666666666667,12.492333333333335,11.986883817183733,4.000416623271423,9.71417490399222,12.647865304513283,16.781872927274428,14.428666666666667,18.929333333333332,16.919833333333333,13.125,15.850708333333332,3,0,POINT (51.3 31.98)
93,OIFS,Chaharmahal Va Bakhtiari,Kuhrang,40797,13.1395,12.5585,11.339500000000001,11.6775,13.6115,17.413500000000003,17.064499999999995,17.155500000000004,17.424,15.175000000000002,12.1565,13.0615,16.036647765574557,16.018429285273477,16.699996414356143,14.113666477150034,9.784140668290597,2.708069139252091,3.700170432860223,3.2884197718474395,3.4546531066931063,9.401078795758174,15.270085511173653,15.237149435964575,-3.399,-0.9235,3.9975,9.411,14.782499999999999,20.2,23.276500000000002,22.302500000000002,18.5595,12.6775,5.006,-0.47450000000000003,3.404,5.6745,9.791500000000001,15.148,21.052,27.973000000000003,31.1255,30.347500000000004,26.829,20.255000000000003,11.658,6.640000000000001,-9.7355,-6.884,-1.548,3.4705,7.4405,10.5595,14.061000000000002,13.191999999999998,9.405,5.08,-0.49849999999999994,-6.4215,32.46,50.12,2365.0,9.397,21.926333333333332,12.081000000000001,-1.599,10.451333333333332,20.33233862971204,4.733813788872302,16.426931261228,22.748359580627344,29.129134781093313,12.2095,17.211166666666667,14.918500000000002,12.919833333333335,14.314750000000002,3,0,POINT (50.12 32.46)
94,OIFS,Chaharmahal Va Bakhtiari,Lordegan,40814,13.295499999999999,13.812999999999999,15.097,16.1355,18.117000000000004,20.300499999999996,19.111,18.927500000000002,19.8705,18.518500000000003,14.938000000000002,14.5735,11.958723927343446,11.979989799350847,11.962591840308,10.26333778246818,6.7018336111607955,2.176471017917674,2.8168205199777465,3.3836586085601494,3.0044378762919743,6.358026100519202,12.38094976284344,12.023057519375687,3.5164999999999997,5.978,9.982,14.198500000000001,19.627000000000002,25.503999999999998,28.469,27.792,23.459,17.3035,9.7585,5.468500000000001,10.953999999999999,13.469999999999999,17.834,22.490000000000002,28.592000000000002,35.201499999999996,37.7265,36.9525,33.4915,26.985000000000003,18.1,13.772499999999999,-2.3415,-0.343,2.737,6.3545,10.475,14.901,18.6155,18.025,13.621,8.4665,3.162,-0.8009999999999999,31.5,50.83,1611.0,14.602500000000001,27.255,16.840333333333334,4.987666666666667,15.921375,14.571584187569334,4.148579375363552,12.970326798165374,17.28870257091349,21.907997329424155,16.449833333333334,19.44633333333333,17.77566666666667,13.894,16.89145833333333,3,0,POINT (50.83 31.5)
95,OIFS,Chaharmahal Va Bakhtiari,Saman,99504,10.937999999999999,11.499500000000001,12.538499999999999,13.262,14.885500000000002,17.0705,16.674,17.124000000000002,16.8185,14.873000000000001,11.859000000000002,11.5565,9.370694912254912,10.098558759156246,10.06691786770393,9.411589748585937,6.546568915672493,2.8610731623946926,2.799064313203105,1.6031189162753117,2.6452626885707686,5.441473072818955,9.869915130354602,8.950052536545432,0.8469999999999999,3.7424999999999997,8.4475,13.119,18.475,24.497999999999998,27.169,25.3885,21.9405,15.873500000000002,8.05,3.5469999999999997,6.3485,9.5965,14.6785,19.411,25.231,31.683999999999997,34.204,32.67,29.4375,22.993000000000002,14.236,9.5935,-4.5895,-1.903,2.1399999999999997,6.149,10.3455,14.613499999999998,17.53,15.546000000000001,12.619,8.120000000000001,2.377,-1.9629999999999999,32.44,50.88,2075.0,13.347166666666666,25.685166666666664,15.288000000000002,2.712166666666666,14.258125000000001,12.875417399356458,3.6709683214814417,10.449828679379621,13.696939305965724,18.064225299451564,13.562,16.956166666666668,14.516833333333333,11.331333333333333,14.091583333333332,3,0,POINT (50.88 32.44)
96,OIFS,Chaharmahal Va Bakhtiari,Shahrekord,40798,16.0355,15.255500000000001,16.743000000000002,17.175,19.897,23.209000000000003,21.809999999999995,22.353500000000004,23.67,21.061,15.9495,16.1625,9.182172470904437,9.921756051852771,9.978888796404618,9.518707366333315,6.042567655298034,2.8877005851299233,3.6057521211723755,1.9381042166867002,2.573799987557602,5.762982637365921,9.811918028421378,9.471382021273014,-1.544,1.8295000000000001,6.503,11.0375,15.9005,21.567,24.6385,22.8125,18.3745,12.800999999999998,5.982,1.1844999999999999,6.7595,9.7415,14.778,19.3675,25.122,31.824,34.471,33.054,29.6815,23.174500000000002,14.467500000000001,9.82,-9.276,-5.514,-1.9649999999999999,2.1925,5.225,8.614999999999998,12.661,10.7005,6.0115,2.1135,-1.482,-6.342499999999999,32.29,50.84,2048.9,11.147,23.006,12.385833333333332,0.49,11.757208333333333,12.758377168051235,4.277036408819248,10.486240480384097,13.75162294892737,18.07847425256192,17.938333333333336,22.4575,20.226833333333335,15.817833333333335,19.110125,3,0,POINT (50.84 32.29)
97,OIGG,Gilan,Astara,40709,7.111,6.335000000000001,6.577000000000002,7.144000000000002,7.533999999999999,9.132000000000001,9.057000000000002,9.328500000000002,7.227,6.5070000000000014,6.573999999999998,6.7015,11.963546783119515,12.479283016830731,12.997001280723058,11.598176487042014,10.709299860104826,8.985243307382873,10.359861310089613,11.205768711910029,16.420443472419898,17.11022950737302,15.673350601045701,12.198772607865855,6.435,6.793000000000001,9.7225,13.580000000000002,19.148,24.093,26.276999999999997,26.2445,22.81,17.859,12.359,8.455,9.985,9.9655,13.001500000000002,17.1505,22.912,28.6565,30.8045,30.905,26.425,21.117,15.6405,11.801,2.8739999999999997,3.6305,6.4245,10.006499999999999,15.378,19.5245,21.7475,21.5765,19.198,14.61,9.066500000000001,5.0995,38.36,48.86,-21.1,14.150166666666669,25.538166666666665,17.676,7.227666666666667,16.148000000000003,17.081363141155165,14.803982979622578,23.68504578644069,17.62069492290971,29.99488431289295,7.085000000000001,9.172500000000001,6.769333333333333,6.715833333333333,7.435666666666669,0,2,POINT (48.86 38.36)
98,OIGG,Gilan,Bandar-E-Anzali,40718,5.5575,4.8415,5.304499999999999,5.4129999999999985,5.711500000000001,6.559000000000001,6.3795,6.846000000000004,6.044499999999999,5.809000000000001,5.493,5.3245,14.810170754236001,14.180917301768355,12.242675060016351,10.564709981887505,8.98722467260212,9.414862560201842,11.70719600181084,13.11454980718317,16.869262429853208,18.625136554409227,18.151964462924894,15.217353794642827,8.434000000000001,8.084999999999999,10.750499999999999,14.494499999999999,20.1755,25.421,27.161,27.0485,23.96,19.2535,14.2165,10.631499999999999,11.201,10.528,13.4065,17.188,23.027,28.692,30.343,30.466,26.9805,22.1505,16.962,13.3075,5.6435,5.6865000000000006,8.102,11.775,17.3155,22.133,23.9635,23.619999999999997,20.936,16.3415,11.469,7.983,37.48,49.46,-23.6,15.140166666666666,26.543499999999998,19.14333333333333,9.050166666666668,17.469291666666667,15.522381817288622,16.744376221491834,25.834481068211698,21.27093392661357,32.80424977157827,5.476333333333333,6.594833333333335,5.782166666666666,5.2411666666666665,5.773625,0,2,POINT (49.46 37.48)
99,OIGG,Gilan,Lahijan,99276,9.6865,8.743000000000002,9.508,10.389000000000003,10.249,10.596000000000004,9.776500000000002,10.735,8.886000000000003,8.478000000000002,8.9385,9.3665,13.291633609825096,13.55614477815416,13.18751881132062,11.314789937615533,9.323423438567165,9.846454442946277,11.374102493289632,10.886856755922189,14.605430518787841,17.0568683753966,15.397253122260839,13.47980519637359,7.837000000000001,7.949,10.921,14.562000000000001,19.7465,24.0075,25.833499999999997,26.142000000000003,23.2095,18.570500000000003,13.366999999999999,9.674,12.6805,12.310500000000001,15.669999999999998,19.7525,24.869,29.297000000000004,30.718,31.508,27.647000000000002,22.806,17.849,14.365,2.994,3.5675,6.162,9.363499999999998,14.62,18.701,20.941499999999998,20.773,18.761,14.328,8.9105,4.9985,37.19,50.02,34.2,15.076500000000001,25.32766666666667,18.38233333333333,8.486666666666666,16.818291666666667,16.57355590293302,15.48970526944483,22.720233985142336,19.388803898640624,30.10557984583125,10.048666666666668,10.369166666666668,8.7675,9.265333333333334,9.61266666666667,0,2,POINT (50.02 37.19)
100,OIGG,Gilan,Manjil,40720,10.516000000000002,10.749,11.8375,12.1005,11.436499999999999,9.925000000000004,8.636500000000002,9.430500000000002,9.665999999999997,10.438,10.058000000000002,10.099499999999999,7.384359466291354,7.894018866480586,8.56989655158658,8.636370217404538,7.23297630853124,4.429179342740186,4.039402257740017,2.9399157734212014,3.112746683458573,6.900707061898483,8.603261787778987,7.899043840908942,7.8614999999999995,9.172,12.8845,17.049,22.197499999999998,26.383,28.034,28.122500000000002,24.657,19.7185,13.572999999999999,9.5565,13.102500000000001,14.5455,18.808,23.1015,27.9115,31.342000000000002,32.347500000000004,32.838,29.49,24.936,18.6,14.603,2.5865,3.7964999999999995,6.9704999999999995,11.001000000000001,16.475,21.416999999999998,23.711000000000002,23.4075,19.824,14.498,8.542,4.5035,36.73,49.41,338.3,17.377,27.513166666666667,19.316166666666668,8.863333333333333,18.26741666666667,11.821334572164973,5.627437626615243,9.985144609331229,11.153334748953993,16.151120256362198,11.7915,9.33066666666667,10.054,10.454833333333333,10.407750000000002,0,1,POINT (49.41 36.73)
101,OIGG,Gilan,Rasht,40719,8.529,7.506499999999999,8.3415,8.903,8.409500000000001,8.758999999999997,8.5685,9.687500000000004,8.163500000000003,7.825499999999998,7.8785000000000025,7.991,13.752310355580427,13.958088944014495,12.351414110285356,10.417708980144898,8.681096932872435,8.17385086735366,10.613700097311623,10.601317031085681,13.868635178294973,16.049430465389875,15.685892096171546,13.870801153520745,7.711499999999999,7.8345,11.077,15.044,20.553,25.011000000000003,26.516000000000002,26.5865,23.4615,18.622999999999998,13.375499999999999,9.76,11.974,11.5865,15.247,19.4935,24.7555,29.389499999999998,30.8,31.429000000000002,27.5425,22.5335,17.314500000000002,13.757,3.4450000000000003,4.08,6.905499999999999,10.5905,16.346,20.6305,22.2315,21.7415,19.378999999999998,14.708000000000002,9.436,5.766,37.32,49.62,-8.6,15.558000000000002,26.037833333333335,18.486666666666665,8.435333333333332,17.129458333333332,15.423683130330799,14.314660499033476,22.008970171250724,19.99089585635726,29.338274248053185,8.551333333333334,9.005,7.955833333333334,8.008833333333333,8.38025,0,2,POINT (49.62 37.32)
102,OIGG,Gilan,Rasht (Agricultulal),99272,9.408999999999999,8.494210526315788,9.267368421052632,9.72421052631579,9.381578947368423,9.844210526315791,9.395999999999997,10.803,9.066500000000001,8.402105263157894,8.55526315789474,8.830499999999999,12.813044156940457,13.29348240028743,12.436456188757749,11.170404431763762,8.596997329247593,8.170656572286937,10.91415270148209,10.533919033108702,13.358802706238983,15.332274133933423,15.062142200943939,13.260106209247514,7.505,7.521578947368421,11.068947368421053,15.014210526315788,20.577894736842108,24.647368421052633,26.189999999999998,26.375,23.365000000000002,18.48526315789474,12.851578947368422,9.432,12.1945,11.786842105263156,15.710526315789474,19.871052631578948,25.26,29.570000000000004,30.889499999999998,31.772000000000002,27.895,22.683684210526316,17.12842105263158,13.854,2.7855,3.2926315789473684,6.443157894736842,10.146842105263158,15.878421052631579,19.725789473684213,21.4935,20.969,18.8285,14.281578947368422,8.573157894736841,5.0235,37.2,49.64,24.8,15.553684210526319,25.737456140350876,18.233947368421056,8.152859649122808,16.91948684210526,15.811192198129085,14.445582794353108,21.108575985722496,18.93075440418707,28.50314933905858,9.457719298245616,10.01440350877193,8.674622807017546,8.911236842105263,9.26449561403509,0,2,POINT (49.64 37.2)
103,OIGG,Gilan,Talesh,99249,6.726315789473685,6.117368421052632,6.784210526315791,7.158947368421053,7.47894736842105,8.558947368421048,8.25105263157895,8.859999999999996,7.148421052631576,6.457368421052632,6.4984210526315795,6.2357894736842105,10.477715398510988,10.707148686073026,11.844949689694829,11.532861270917373,10.467412192603486,8.560354746995028,9.922534797092709,10.211207724054727,14.035251300542257,14.886491367458152,13.417734741730282,10.49387397760593,7.447368421052632,7.537894736842105,10.216315789473684,14.007894736842104,19.39,24.13684210526316,25.913157894736845,26.147894736842105,23.05578947368421,18.476315789473684,13.260526315789473,9.436842105263157,10.80842105263158,10.608421052631579,13.620000000000001,17.593684210526316,23.129473684210524,28.41736842105263,30.036315789473687,30.57473684210526,26.626842105263155,21.700526315789475,16.49947368421053,12.557368421052631,4.082105263157895,4.491052631578947,6.83578947368421,10.434736842105263,15.650526315789474,19.85842105263158,21.785263157894736,21.714736842105264,19.478421052631578,15.243157894736843,10.001052631578949,6.321578947368421,37.84,48.9,7.0,14.538070175438596,25.399298245614034,18.26421052631579,8.140701754385965,16.585570175438594,16.3149949208705,13.871182295162914,20.391783503855244,15.231045159152334,26.69545294223405,7.140701754385965,8.556666666666665,6.7014035087719295,6.359824561403509,7.189649122807016,0,2,POINT (48.9 37.84)
104,OIHH,Hamedan,Hamedan (Airport),40768,12.683,12.633500000000002,13.748000000000001,14.9085,17.002,20.350999999999996,20.266000000000002,20.668499999999998,21.001500000000004,17.974,13.0675,12.2695,8.176843253214269,9.175406907042749,9.78716910292216,9.935180754340223,7.806065849139309,4.4160570338499605,2.7754659283123697,2.510885863721908,3.2682601323940936,7.598868714345816,9.52763880934009,8.685827102272611,-1.2095,1.762,7.215000000000001,11.618500000000001,16.03,21.665,25.457,24.4215,19.942500000000003,13.85,6.598999999999999,1.8925,5.203,8.104000000000001,14.104500000000002,19.0865,24.5295,31.833999999999996,35.587,34.7525,30.441000000000003,22.831,13.117500000000001,8.0185,-7.4799999999999995,-4.5295000000000005,0.35650000000000004,4.178,7.527500000000001,11.483,15.321000000000002,14.084,9.439499999999999,4.857,0.050000000000000024,-4.251,34.85,48.53,1740.8,11.621166666666667,23.84783333333333,13.463833333333334,0.8150000000000001,12.436958333333335,13.377194445887021,4.977633429830139,11.020814583566963,12.545349938343486,17.998147957595734,15.219500000000002,20.4285,17.34766666666667,12.528666666666666,16.381083333333333,3,0,POINT (48.53 34.85)
105,OIHH,Hamedan,Malayer,40775,10.7575,10.9025,12.346000000000002,13.4425,15.372,19.0125,18.610000000000003,18.621,18.837999999999997,15.985500000000002,11.872000000000002,11.308499999999999,8.8325840905589,9.424104425595171,10.44555338392238,10.905330837991604,8.438073577834231,3.808016318222095,3.1386760615989555,3.6019022868109314,2.957931352288722,7.848936256254795,9.319241773678952,9.112015685630851,1.2610000000000001,3.725,8.259,12.566500000000001,17.1965,22.8335,26.472500000000004,25.578,21.389000000000003,15.428999999999998,8.3045,3.9945,6.733,9.18,14.452000000000002,19.314,24.8775,32.339,35.773,34.888,30.807499999999997,23.4155,14.226500000000001,9.689499999999999,-4.0245,-1.7225000000000001,2.1060000000000003,5.871499999999999,9.505500000000001,13.3265,17.163,16.267,11.9695,7.43,2.3545000000000003,-1.6190000000000002,34.28,48.82,1776.5,12.674000000000001,24.961333333333332,15.040833333333333,2.9934999999999996,13.917416666666666,14.482245411480317,5.102805069731651,10.966232535893129,13.16672826619332,18.919055461967275,13.720166666666666,18.747833333333332,15.565166666666665,10.9895,14.755666666666668,3,0,POINT (48.82 34.28)
106,OIHH,Hamedan,Nahavand,99384,11.459,11.729000000000001,12.998499999999998,14.2045,16.202,19.388999999999996,19.032000000000004,18.924999999999997,19.2055,16.4795,12.424499999999998,11.5295,9.463758501883525,10.836394138418688,10.190770839284397,10.552301407887734,8.253007779937413,3.449058063932365,2.8020393306553872,2.0440238405211524,2.727922404147588,8.048507368277182,9.635688917881621,9.482627530438211,1.4195,3.882,8.682,12.877500000000001,17.339,22.9745,26.755000000000003,26.083,21.682499999999997,15.794,8.620000000000001,4.368,7.1705,9.765,15.175999999999998,19.9865,25.442500000000003,32.666,36.267,35.544,31.279500000000002,24.0335,14.838999999999999,10.1455,-4.2885,-1.964,2.1774999999999998,5.782,9.2405,13.277000000000001,17.235,16.619,12.074,7.554,2.4145,-1.384,34.15,48.4,1677.8,12.966166666666666,25.270833333333332,15.365500000000003,3.223166666666667,14.206416666666668,14.086992346261628,4.1518692890146145,11.28277847656067,14.37872694794953,19.377598402810456,14.468333333333334,19.115333333333332,16.0365,11.5725,15.298166666666667,3,0,POINT (48.4 34.15)
107,OIHH,Hamedan,Toyserkan,40886,9.1335,9.5035,10.704500000000001,11.7965,14.0805,16.703000000000003,16.350499999999993,16.1285,16.2585,14.078999999999997,10.3385,9.376999999999999,9.947424061509015,10.819904992429194,10.970527163123352,11.149421166168146,8.144810828470915,3.0957972879047633,1.7894443933771722,2.677731800328678,3.4674533881811933,8.646012618659261,10.414790346489305,10.073886073628056,1.3065000000000002,3.311,7.883,12.2985,16.7645,22.9845,26.920499999999997,26.2255,21.7345,15.457999999999998,8.2295,4.118,5.923,8.079,13.2405,18.2025,23.815,31.336000000000002,35.090999999999994,34.2825,29.869,22.488999999999997,13.368500000000001,8.8295,-3.2104999999999997,-1.4245,2.536,6.406000000000001,9.7345,14.633000000000001,18.7405,18.154,13.610499999999998,8.41,3.0300000000000002,-0.5475,34.55,48.43,1783.2,12.315333333333333,25.376833333333334,15.140666666666666,2.9118333333333335,13.936166666666667,14.807343567691408,3.7937107415598454,12.204101460733074,14.847839475271389,20.321657425204897,12.193833333333336,16.394000000000002,13.558666666666667,9.338000000000001,12.871125000000001,3,0,POINT (48.43 34.55)
108,OIII,Tehran,Abali,40755,8.6335,8.6465,8.6495,9.114,9.851500000000001,10.972,10.892500000000002,10.841499999999998,10.6265,9.419,7.659999999999999,8.1785,10.580514814923689,11.317002623438839,11.885343158362838,11.255427833464744,9.782782485372053,6.422431056233034,6.214033421864528,5.898477055931096,4.943087995913195,9.30197668701138,11.070538434951487,10.489028600498939,-3.2670000000000003,-2.024,2.8205,8.1335,13.504499999999998,19.3315,22.2185,20.805500000000002,17.199,10.558499999999999,3.023,-0.8109999999999999,1.204,2.3619999999999997,7.126,12.558,18.052500000000002,24.3065,27.366000000000003,26.083499999999997,22.4495,15.4335,7.087999999999999,3.5385,-7.4295,-6.2844999999999995,-1.5235,3.444,8.201,13.3345,16.4735,15.241999999999999,11.823,6.0145,-0.572,-4.64,35.77,51.99,2465.2,8.152833333333334,20.785166666666665,10.260166666666667,-2.0340000000000003,9.291041666666665,15.928154433792942,8.921456457465167,13.166343704802316,15.588299356845175,22.118813106192114,9.205,10.902,9.235166666666666,8.486166666666666,9.457083333333332,0,0,POINT (51.99 35.77)
109,OIII,Tehran,Firuzkuh,40756,13.86,12.639,13.484,14.876999999999999,15.962,17.162,16.418999999999997,17.215999999999998,18.072,16.617,13.331000000000001,13.308,8.316915230305433,8.758647233823218,8.99538858411044,8.427245246263098,8.072261977200592,6.240422664773728,6.123549566316261,6.6505304191835055,6.35901544560644,6.333856528030552,7.9366877669305484,7.453339943507148,-2.839,-0.43200000000000005,5.381,10.8325,15.953,20.715,22.921,21.3465,17.816,11.7915,4.549,-0.10200000000000005,3.6725000000000003,5.5405,11.519,17.276,22.586,27.944,30.0965,28.964999999999996,26.0185,19.4695,10.996500000000001,6.296,-10.1875,-7.0985,-1.9649999999999999,2.399,6.624,10.782,13.6775,11.748999999999999,7.9465,2.8525,-2.3345,-7.0120000000000005,35.75,52.73,1976.0,10.722166666666666,21.66083333333333,11.3855,-1.1243333333333332,10.661041666666664,12.281250213123206,9.152902022749384,10.03712864244709,11.843452738157325,17.425907150868998,14.774333333333331,16.932333333333332,16.006666666666668,13.269,15.24558333333333,3,0,POINT (52.73 35.75)
110,OIII,Tehran,Firuzkuh (Gaw),99370,5.9815,6.104210526315789,6.4878947368421045,6.92,7.547368421052631,8.268,8.632631578947366,8.632631578947368,8.028421052631577,6.825000000000001,5.7105263157894735,5.6745,8.738395500940427,9.566003884904116,9.135561050473083,8.865192498683253,8.11044732306215,6.108132126275798,5.77999449239786,7.3413182079591195,6.319282485439422,7.000408139468012,8.787145488242015,8.311273209196912,-5.8765,-5.203157894736842,-0.8884210526315789,4.077368421052632,9.53842105263158,15.3905,18.166842105263157,16.56105263157895,13.262631578947369,7.02,-0.15578947368421048,-3.4840000000000004,-2.9219999999999997,-2.2489473684210526,2.1405263157894736,7.4936842105263155,13.034736842105263,19.111,22.22,20.833157894736843,17.20894736842105,10.457777777777778,2.817894736842105,-0.633,-8.9035,-8.353157894736842,-4.347368421052631,0.5736842105263158,5.487368421052632,10.843,13.587368421052632,12.200526315789475,9.180526315789473,3.6327777777777777,-2.8926315789473684,-6.3075,35.7,52.59,2985.7,4.242456140350877,16.706131578947367,6.708947368421053,-4.854552631578947,5.700745614035088,12.583799621138452,9.347138018502594,10.840395132721603,12.839748671173883,18.370875869601743,6.985087719298245,8.511087719298246,6.854649122807017,5.920070175438596,7.067723684210526,0,0,POINT (52.59 35.7)
111,OIII,Tehran,Imam Khomeini Airport,40777,11.191500000000001,11.5,12.938500000000001,13.754999999999999,14.615000000000002,16.064,16.123499999999996,15.878499999999995,15.660000000000004,14.317999999999996,11.552499999999998,11.164499999999999,7.59366970566592,7.323027304477131,7.9627434295050925,7.6122954252919754,6.277944206538517,3.9926950007008264,3.1003121433866836,2.9325698196486885,3.4102344446556865,5.346732800042126,7.342060317462073,7.032636714146404,3.8695,6.6375,12.3405,17.8315,23.6085,29.2765,31.514,30.002499999999998,25.789499999999997,18.84,10.7005,5.61,9.999500000000001,12.797,19.074,24.825,30.955000000000002,37.1025,39.4265,37.8475,33.7145,26.420499999999997,17.078,11.814499999999999,-1.192,1.297,6.1354999999999995,11.07,16.34,21.0385,23.303,21.969,18.054499999999997,12.102500000000001,5.5255,0.65,35.42,51.17,990.2,17.92683333333333,30.26433333333333,18.44333333333333,5.372333333333334,18.001708333333333,10.60712704510572,4.91413384178726,8.379095791237038,10.562469626326298,14.547667146838128,13.7695,16.022,13.8435,11.285333333333334,13.730083333333331,2,1,POINT (51.17 35.42)
112,OIII,Tehran,Tehran (Geophysic),99331,7.195294117647058,7.597894736842106,8.6795,9.6205,10.888499999999997,11.485789473684207,11.093500000000002,11.050000000000004,10.708000000000002,9.62842105263158,7.73,6.931052631578947,9.40575323071923,9.157197199979155,9.218598168523023,8.643291712710568,6.572829838903761,3.3929496347296,4.676295312475988,3.7804629762419344,4.018043485772578,7.0145276518900825,8.68905127310908,8.389811911230371,4.367058823529412,6.569473684210526,11.936,17.0655,22.71,28.78842105263158,31.160000000000004,29.4135,25.644,18.971052631578946,10.8035,6.273684210526316,7.961764705882352,10.315263157894737,16.1205,21.5885,27.557,33.68631578947368,36.1075,34.42100000000001,30.637,23.617894736842107,14.8025,9.718421052631578,0.7664705882352941,2.717368421052632,7.441,11.968,16.6685,22.200526315789475,25.014,23.371000000000002,19.929,13.989473684210527,7.0725,2.7873684210526317,35.75,51.39,1418.6,17.237166666666667,29.787307017543863,18.472850877192982,5.736738906088751,17.808515866873066,11.965386365131593,5.802357345360262,10.215425845361208,12.987226111177819,17.285824868137723,9.7295,11.209763157894736,9.355473684210528,7.24141382868937,9.38403766769866,0,1,POINT (51.39 35.75)
113,OIII,Tehran,Tehran (Mehrabad Airport),40754,7.890000000000001,8.309000000000001,9.499,10.014,10.995999999999999,12.061500000000002,12.001499999999997,11.403500000000005,11.055,10.059999999999999,8.054,7.713499999999999,8.380567323742895,8.707467055657037,8.579960552086877,8.439805405694393,6.528396474061645,3.244685594691356,3.7279596015687697,3.250374710247626,3.2695079172370556,6.743432111611323,8.567444974294922,8.264248411049627,5.0125,7.340999999999999,12.803,18.2115,23.825,29.571500000000004,31.8695,30.3955,26.575499999999998,19.709,11.5905,6.773999999999999,9.291,11.7295,17.649,23.2285,29.2485,35.249,37.582499999999996,35.916000000000004,32.0325,24.924,15.9455,11.068999999999999,1.401,3.4204999999999997,8.15,13.214500000000001,18.2525,23.1875,25.581,24.5125,20.9775,14.864,7.891499999999999,3.3555,35.69,51.31,1191.0,18.279833333333332,30.612166666666667,19.291666666666664,6.375833333333333,18.639875,11.475132149296979,4.9366678616867645,9.90054753289122,12.194134060789114,16.40506238720041,10.169666666666666,11.822166666666668,9.722999999999999,7.970833333333334,9.921416666666667,0,1,POINT (51.31 35.69)
114,OIII,Tehran,Tehran (Shemiran),40751,8.4255,8.963,10.0995,11.016000000000002,12.515499999999998,13.2545,12.834500000000002,13.098500000000001,13.158999999999999,11.9345,9.347,8.614,10.232040730772797,10.914740318826688,10.653144758166,10.19599996942367,7.971460810398526,4.242501194233958,5.0101128655335625,4.630888530731683,4.094619155818753,8.251882031602182,10.65305664355356,10.151137568959225,3.304,5.386,10.591,15.647,21.176,27.200499999999998,29.703500000000002,27.851,23.9345,17.174,9.296,4.985,7.9545,10.256499999999999,15.912,21.368000000000002,27.371,33.5565,36.069,34.4685,30.808999999999997,23.6315,14.565999999999999,9.753,-0.471,1.2935,5.8125,10.352,14.855500000000001,20.302,23.2345,21.369999999999997,17.65,11.697,5.218999999999999,1.139,35.8,51.48,1549.1,15.804666666666668,28.251666666666665,16.8015,4.558333333333334,16.354041666666667,14.05340148897098,6.704949190907479,12.252830111069617,15.06278865742734,20.27458782344209,11.210333333333333,13.0625,11.480166666666667,8.667499999999999,11.105125000000001,0,0,POINT (51.48 35.8)
115,OIIK,Qazvin,Avaj,99310,9.3245,9.4405,10.458499999999999,11.841000000000001,13.242500000000001,16.054000000000002,15.995000000000003,16.080999999999996,15.569000000000003,12.791000000000002,9.462000000000002,9.436,8.99271014631397,9.886039568682158,10.597400572992477,10.124705066854732,8.697872382354682,4.976960667559168,4.1674736214854295,4.766608526738548,4.597383515173458,8.422689977674858,9.757570276661175,9.066381611087941,-1.135,0.5075000000000001,5.6915,10.689499999999999,15.820500000000001,21.7985,24.538,23.3745,19.68,13.263,5.2565,1.1575,3.3200000000000003,5.018,10.559999999999999,15.909,21.211000000000002,28.041000000000004,31.061500000000002,30.127,26.372500000000002,18.85,9.7985,5.76,-6.0045,-4.4225,0.10150000000000003,4.068,7.968500000000001,11.987,15.0665,14.046000000000001,10.8035,6.058999999999999,0.33649999999999997,-3.6759999999999997,35.56,49.22,2034.9,10.733833333333335,23.237,12.733166666666667,0.17666666666666667,11.720166666666666,14.23751240054388,6.7236558905389225,11.753561618359203,13.460202869062844,19.3565097269935,11.847333333333333,16.043333333333333,12.607333333333337,9.400333333333334,12.474583333333335,3,0,POINT (49.22 35.56)
116,OIIK,Qazvin,Moalemkelayeh,99303,7.909,8.458499999999999,9.360499999999998,10.4645,11.776,14.407000000000004,15.009,14.515,13.6505,10.476500000000001,7.7805,7.869500000000001,8.785807011098452,9.883685676546017,10.484997470858556,13.065780980274933,8.931245644673961,5.313765096635116,4.689367848204258,5.205566032155112,4.540215661189608,8.544952163285839,9.493032749306057,8.498084920346052,2.2800000000000002,3.3825000000000003,7.861,12.8065,17.905,22.9945,24.649,24.313,21.3715,15.419999999999998,8.032,4.356,6.343,7.661,12.564499999999999,17.947,23.5045,29.759000000000004,31.944,31.4565,28.125,20.711000000000002,12.112,8.493500000000001,-1.566,-0.7975,3.2039999999999997,7.4825,11.7285,15.352,16.935,16.941499999999998,14.4745,10.2345,4.3315,0.624,36.45,50.49,1629.2,12.857500000000002,23.985500000000002,14.941166666666666,3.3394999999999997,13.780916666666668,15.999492171382052,7.332401167097139,11.629906973810744,13.118056796283167,20.26337479476543,10.533666666666665,14.643666666666668,10.635833333333334,8.079,10.973041666666667,0,0,POINT (50.49 36.45)
117,OIIK,Qazvin,Qazvin,40731,11.0295,11.417,13.193999999999999,14.567000000000002,16.523500000000002,18.418,18.1655,17.870500000000003,17.7065,15.382499999999999,11.5765,10.876999999999999,8.746289583291595,9.042963303984237,9.406732765147257,9.958595469758349,7.710930672486784,4.7579368692453485,4.069614751430076,4.216788434220655,3.4397863577433143,7.843521776082624,8.89651001488285,8.315083618479392,1.5310000000000001,3.9174999999999995,8.9375,13.762,19.0165,24.8785,27.337,26.098000000000003,22.139,15.746,8.1935,3.6585,7.7405,10.264,16.063,21.461000000000002,27.467000000000002,34.0755,36.599000000000004,35.267,31.4835,24.156,14.6665,9.838,-3.289,-1.153,2.869,6.894,10.9435,15.657499999999999,18.433500000000002,17.3965,13.777000000000001,8.7735,3.09,-1.0390000000000001,36.24,50.04,1279.1,13.905333333333333,26.1045,15.359499999999999,3.0356666666666663,14.601250000000002,13.158763260564132,6.300361111408126,10.706799765580508,12.564403604173915,17.90424459539615,14.761500000000003,18.151333333333337,14.888499999999999,11.107833333333334,14.727291666666668,3,0,POINT (50.04 36.24)
118,OIIK,Qazvin,Takestan,99367,10.971499999999999,11.305000000000001,13.0235,14.001999999999999,15.005500000000001,15.971999999999998,15.385499999999997,15.900000000000002,16.324000000000005,14.399499999999998,11.1525,10.638,7.625846900467721,7.828158142987926,8.624197222769851,9.095042181253357,7.8233139844842,5.001066439191986,2.863920812808012,3.9215983347422765,3.040560261467018,6.8255526483836855,8.138122384858992,7.676071214633945,2.3015,4.6635,10.0335,15.244,20.9085,26.232499999999998,28.1555,27.336000000000002,23.621000000000002,16.9715,8.980500000000001,4.2225,7.4155,9.928,15.877,21.2475,27.011000000000003,32.6885,34.739,34.112,30.641000000000002,23.31,14.1465,9.247,-3.556,-1.3770000000000002,2.8535,7.2455,12.005500000000001,16.7165,19.3535,18.212,14.316999999999998,8.9105,2.994,-1.391,36.05,49.68,1283.4,15.395333333333333,27.241333333333333,16.524333333333335,3.7291666666666665,15.722541666666666,12.32579687282841,5.933336138813918,9.601244051740924,11.121167303231639,16.314143319324046,14.010333333333335,15.752499999999998,13.958666666666668,10.971499999999999,13.673249999999998,3,0,POINT (49.68 36.05)
119,OIIS,Semnan,Biyarjomand,40742,11.931999999999999,12.2445,13.48,13.926000000000002,13.684000000000001,13.509499999999996,12.880000000000003,13.016499999999997,14.604,14.472999999999999,12.737499999999999,11.694999999999999,5.916053188613528,7.031962676732931,8.138021722830125,7.022242176826156,6.362228692967624,3.8453477284930235,3.308030640323625,1.5197391057302658,3.215936130675501,4.770273458619681,6.238367697089203,5.343582721072561,2.2199999999999998,5.231,11.244499999999999,17.1575,22.7685,27.732499999999998,29.743000000000002,27.904500000000002,23.779,16.9555,9.0715,3.7885,8.607,11.6015,18.2055,24.1715,29.636000000000003,34.620999999999995,36.487,34.54,31.164499999999997,24.4085,15.7915,10.0285,-3.325,-0.643,4.7255,10.2455,15.952000000000002,21.1115,23.607,21.523500000000002,16.560499999999998,9.935500000000001,3.054,-1.6664999999999999,36.09,55.8,1099.3,17.056833333333334,28.459999999999997,16.602,3.7464999999999997,16.466333333333335,10.454893429444205,4.587901414386591,7.27220303986466,8.910050506863595,13.259651209784703,13.696666666666667,13.13533333333333,13.938166666666666,11.957166666666666,13.18183333333333,2,1,POINT (55.8 36.09)
120,OIIS,Semnan,Damghan,40761,10.146999999999998,10.4115,12.078499999999996,12.8085,13.367999999999999,14.2915,13.939500000000006,13.917000000000002,13.827000000000002,12.524999999999999,10.681,9.971,5.36265962906165,6.573755589597539,7.379588258548415,6.2693056387032104,5.840325402522643,4.884275568500927,2.7483736940657053,3.610361097797277,4.671565151167557,4.778608512880029,5.449005233248198,5.106514806486347,3.711,6.6315,12.7845,18.7435,24.279,29.127,31.212,29.505000000000003,25.841,19.1165,10.844,5.2615,8.3235,11.299,18.051499999999997,24.1565,29.814999999999998,34.975,37.016000000000005,35.198,31.641000000000002,24.6345,15.697,9.7955,-1.8235,0.8875,5.973000000000001,11.348,16.447,20.683500000000002,23.0765,21.281,17.814,12.1095,5.016,-0.17550000000000002,36.15,54.32,1155.4,18.602333333333334,29.947999999999997,18.6005,5.201333333333333,18.08804166666667,9.463386308604267,5.691235118472471,7.197504279046337,8.298417465737831,12.548949399627631,12.751666666666665,14.049333333333337,12.344333333333333,10.176499999999999,12.330458333333334,2,1,POINT (54.32 36.15)
121,OIIS,Semnan,Garmsar,40758,10.8695,11.190000000000001,12.3105,12.876500000000002,13.596999999999998,14.118499999999997,13.494499999999999,13.501999999999995,13.7545,13.178499999999998,11.1695,10.563500000000001,6.494749211159693,7.120170113344982,7.159988972445382,6.619866677368409,5.331296965630747,3.817417733449985,2.281771476456835,2.025506655726651,3.3836586085601494,4.267905998485365,6.83783694128587,6.44682454913786,5.164499999999999,8.2945,14.245,20.0035,25.976499999999998,31.932,34.3065,32.3245,28.115499999999997,20.9285,12.1585,6.651999999999999,10.894,14.0805,20.4195,26.304000000000002,32.4685,38.3745,40.579,38.739999999999995,34.869,27.6145,18.092,12.294,0.02450000000000001,2.8905000000000003,8.109,13.4275,18.8715,24.256,27.084500000000002,25.238,21.1145,14.436000000000002,6.922499999999999,1.7305,35.24,52.36,899.9,20.075,32.85433333333334,20.400833333333335,6.703666666666666,20.008458333333333,9.316669529062043,4.2324768694686625,7.583887842021415,9.665145750940866,13.052196456527476,12.927999999999999,13.704999999999998,12.700833333333334,10.874333333333334,12.552041666666666,2,1,POINT (52.36 35.24)
122,OIIS,Semnan,Semnan,40757,9.774500000000002,10.087,11.4515,11.834000000000001,12.196000000000002,12.437499999999993,11.946499999999993,12.413499999999996,12.495000000000001,11.536999999999997,9.883999999999999,9.531,6.509650359583319,7.531893808704478,6.731168361469985,6.534335077087573,6.482001490150644,4.710343899892937,2.545307273483183,3.8534460628278113,3.8949748999081755,5.200147924786016,6.118745524412592,6.417173925903517,4.2745,7.1455,13.142500000000002,19.003,24.866,30.551,32.95,30.891,26.887999999999998,19.937,11.379000000000001,5.9670000000000005,9.4905,12.379999999999999,18.9375,24.907,30.836000000000002,36.564499999999995,38.888999999999996,37.044,33.1685,25.845499999999998,16.6225,11.0845,-0.284,2.293,7.486,13.072999999999999,18.64,24.127000000000002,26.942500000000003,24.6305,20.6735,14.3085,6.7385,1.5535,35.59,53.42,1127.0,19.003833333333333,31.464,19.401333333333337,5.7956666666666665,18.916208333333334,9.496138781720699,5.627542883192152,7.540755904112362,9.890096548121104,13.445560370506204,11.827166666666665,12.265833333333328,11.305333333333332,9.797500000000001,11.298958333333331,2,1,POINT (53.42 35.59)
123,OIIS,Semnan,Shahrud,40739,9.1325,9.712,11.111500000000001,12.057000000000002,12.2865,12.717500000000001,12.128,12.380499999999998,12.823999999999998,11.952,10.029500000000002,9.0775,6.115716882953599,7.551760477147824,7.901126795425089,7.635978988390111,6.716422178978922,4.5951745238867385,2.8471604014162137,2.9020199957363264,5.0801742143738355,5.565713120681833,6.031134457772044,6.06612052135149,1.823,4.343999999999999,10.106,15.7595,21.064500000000002,25.805,27.857999999999997,26.110500000000002,22.5405,16.216,8.5845,3.4775,6.9784999999999995,9.6975,16.1275,22.080000000000002,27.433,32.356,34.2055,32.6185,29.444,22.7885,14.164000000000001,8.6015,-2.154,-0.014500000000000018,5.016,10.023,15.1465,19.6385,22.0775,20.238,16.62,10.8365,4.1345,-0.476,36.38,54.93,1325.2,15.643333333333333,26.591166666666666,15.780333333333333,3.214833333333333,15.307416666666667,10.747614397622192,5.248147494553332,8.056372665605824,9.592376760583676,14.080404683401305,11.818333333333333,12.408666666666667,11.601833333333332,9.307333333333334,11.284041666666667,3,0,POINT (54.93 36.38)
124,OIKB,Hormozgan,Abumusa Island,40890,5.201500000000003,5.466000000000001,5.778500000000001,6.088999999999999,6.044499999999996,6.2209999999999965,6.074000000000005,6.500499999999999,6.610499999999995,6.589000000000002,6.011000000000003,5.68,8.189387421054914,6.142249031975551,7.793902752016997,5.015021492426016,2.8067016343127626,0.0,1.1696070952851465,0.0,0.21544346900318836,3.2713778106485423,7.614883115999821,7.436621486046832,20.97,21.490000000000002,23.433,26.547000000000004,29.858999999999998,32.457,34.327999999999996,34.411,32.9605,30.737000000000002,26.9275,23.272,23.573500000000003,24.225,26.324,29.589,32.8805,35.5685,37.3635,37.661,36.265499999999996,34.033,29.931,26.1115,18.372,18.759,20.5455,23.5,26.836000000000002,29.347500000000004,31.289499999999997,31.160500000000003,29.655,27.444,23.919999999999998,20.4315,25.87,55.01,6.6,26.613,33.732,30.208333333333332,21.910666666666668,28.116000000000003,8.53471386084682,1.1696070952851465,7.811095320788638,10.603600295946274,13.184911593393165,5.9706666666666655,6.2651666666666666,6.4035,5.449166666666668,6.022125,4,4,POINT (55.01 25.87)
125,OIKB,Hormozgan,Bandar-E-Lengeh,40883,8.6385,8.850000000000001,9.128000000000004,9.568999999999999,9.662499999999998,8.297499999999996,6.8855,6.651500000000002,7.601000000000006,8.854,8.905000000000001,8.991,8.64355941877094,5.824745640252756,7.009578723335904,5.1849416426302835,3.093360747544071,1.4422495703074083,1.0,0.21544346900318836,1.259921049894873,2.0173490697313676,6.5922928093220685,6.969664646314741,18.786,20.176,22.962,27.018,30.844,33.1245,34.8845,34.9365,33.018,29.821499999999997,25.072499999999998,20.9185,23.103,24.6,27.522000000000002,31.801499999999997,35.674,37.271499999999996,38.3255,38.259,36.822,34.247,29.523500000000002,25.4125,14.464500000000001,15.75,18.394,22.232499999999998,26.0115,28.974,31.439999999999998,31.607499999999998,29.220999999999997,25.393,20.6185,16.4215,26.53,54.83,22.7,26.941333333333336,34.31516666666667,29.304000000000002,19.960166666666666,27.630166666666668,8.007285030693948,1.5887227853448422,6.669693070368645,10.57303577428435,12.590931578514349,9.453166666666666,7.2781666666666665,8.453333333333335,8.826500000000001,8.502791666666667,4,4,POINT (54.83 26.53)
126,OIKB,Hormozgan,Bandarabbas,40875,12.0025,11.0505,10.841999999999999,11.302500000000002,11.995499999999996,10.106499999999997,7.333000000000002,7.744000000000003,9.387999999999998,11.246500000000001,11.999500000000001,13.400000000000002,9.579135821908846,7.362409812656884,8.933334570926291,5.258414322494888,2.8314481885281864,2.4118625661613042,2.5077095341277635,1.2826086123844085,2.0746769710529263,4.38680620680378,5.625331667686244,6.260983353910186,17.77,19.8805,23.0505,27.302999999999997,31.4495,33.933499999999995,34.7675,34.164,32.657,29.724,24.517500000000002,19.7895,23.7655,25.3935,28.4685,32.9465,37.4445,38.983,38.4285,38.0305,37.346,35.342,30.5135,26.485500000000002,11.763,14.343,17.6265,21.644,25.449,28.8765,31.095499999999998,30.2865,27.958,24.095499999999998,18.514,13.0855,27.22,56.37,9.8,27.267666666666667,34.288333333333334,28.966166666666666,19.146666666666665,27.417208333333324,9.586540745348431,3.171822932242428,6.474137867653164,11.506587278341584,13.938128327361284,11.38,8.3945,10.878,12.151000000000002,10.700874999999998,4,3,POINT (56.37 27.22)
127,OIKB,Hormozgan,Jask,40893,6.299500000000002,5.775500000000001,5.678000000000001,5.8444999999999965,6.039999999999996,4.48,3.022000000000002,3.1050000000000004,4.077500000000001,5.3765,6.075499999999998,6.652999999999999,8.201695068971658,6.0750752190836685,6.90749029067811,4.562422279279049,2.3525398825436366,5.442486068139811,3.318657704823067,2.3458959604638174,0.0,1.4827657074314882,5.402239583149262,6.984591959838458,20.702,21.8285,24.195,27.525,30.843,32.4135,32.3275,31.6245,30.948,29.3365,25.851999999999997,22.519,23.8485,24.7135,27.032999999999998,30.445999999999998,33.858,34.6515,33.8365,33.174,32.9835,32.021,28.8875,25.8435,17.549,18.938,21.354999999999997,24.6015,27.818,30.171499999999998,30.8145,30.069,28.906,26.6445,22.812,19.1905,25.64,57.77,5.2,27.521,32.121833333333335,28.712166666666665,21.683166666666665,27.509541666666667,7.591877286627137,5.950236555809381,5.439220620755648,10.374654752144194,12.441475753971545,5.854166666666664,3.5356666666666676,5.1765,6.2426666666666675,5.20225,4,4,POINT (57.77 25.64)
128,OIKB,Hormozgan,Kish Island,40882,6.400499999999997,6.950999999999997,7.698,8.858499999999996,9.871499999999994,9.224499999999999,7.6675,7.311500000000002,7.484500000000004,7.818000000000001,7.020499999999998,6.653000000000002,7.885611796159487,6.200710983328053,6.397117842877701,5.358251453113319,2.960976059896099,1.259921049894873,2.8888992986694806,1.0685297301488763,1.5874010519681994,2.577819201562722,8.722038633418034,8.262491026209332,19.8375,20.8125,23.3535,27.0705,30.883999999999997,32.936,34.4945,34.777499999999996,33.149,30.602999999999998,26.324,22.256999999999998,23.037,24.288999999999998,27.2075,31.500999999999998,35.820499999999996,37.5505,38.329,38.434000000000005,36.892,34.512,29.820999999999998,25.582500000000003,16.6365,17.338,19.5095,22.642500000000002,25.949,28.326,30.6615,31.122500000000002,29.4075,26.694,22.8005,18.9295,26.52,53.98,30.0,27.102666666666664,34.06933333333333,30.025333333333332,20.968999999999998,28.04158333333334,7.6150555661916055,3.0121727633620647,8.813658198294007,10.893826990341587,13.474391324594254,8.80933333333333,8.067833333333335,7.441000000000002,6.668166666666665,7.746583333333333,4,4,POINT (53.98 26.52)
129,OIKB,Hormozgan,Lavan Island,40881,6.175000000000001,6.6675,7.535499999999999,8.839500000000001,9.6525,8.576499999999996,7.284500000000005,6.698999999999998,7.089000000000002,7.715499999999999,6.7835,6.393999999999998,7.831909604938344,7.028523074241871,6.401513314015654,5.866495920191253,3.4484975604587875,0.0,1.7133890813751436,0.0,0.0,2.399768496188397,9.801138282331449,8.670335396128287,19.542,20.453,22.95,26.790499999999998,30.691000000000003,32.554,34.2335,34.625,33.2455,30.541000000000004,26.226999999999997,21.9945,22.627000000000002,23.7835,26.719,31.2115,35.5125,36.840999999999994,37.874,37.9755,36.789,34.396,29.608999999999998,25.191499999999998,16.452,17.116,19.183500000000002,22.372,25.860000000000003,28.264499999999998,30.589499999999997,31.2765,29.7,26.680500000000002,22.825499999999998,18.7975,26.81,53.35,22.2,26.8105,33.80416666666667,30.004499999999997,20.66316666666667,27.82058333333333,7.964635566628866,1.7133890813751436,9.84886052765713,11.394498217261113,14.333830281430151,8.675833333333333,7.52,7.196000000000001,6.412166666666667,7.4510000000000005,4,4,POINT (53.35 26.81)
130,OIKB,Hormozgan,Qeshm (Coastal),99675,6.944000000000003,7.174000000000003,7.336000000000002,7.916499999999999,8.7275,7.840499999999995,6.141000000000002,6.016499999999997,6.424000000000003,7.067000000000004,7.000499999999995,7.318000000000001,9.92426114412584,6.5622423179243565,8.535079937619201,5.858640165624777,2.898453396490386,0.5848035476425733,1.5659470564675455,0.9321697517861577,1.1186889420813966,5.167774071794419,6.927621549125774,6.739765009843186,19.753,21.055,23.552,27.099,30.9435,33.584500000000006,34.629000000000005,34.429,33.166000000000004,30.649,26.094,21.9495,23.2235,24.6395,27.215500000000002,31.0505,35.3035,37.501999999999995,37.697,37.433,36.374,34.178000000000004,29.589999999999996,25.6,16.2795,17.4655,19.8795,23.134,26.576,29.6615,31.556,31.416500000000003,29.95,27.111,22.5895,18.282,26.95,56.28,12.8,27.198166666666665,34.21416666666667,29.96966666666667,20.919166666666666,28.075291666666672,9.462269553070108,1.6927022813721821,7.785332945919837,11.61309954948201,14.244218440485657,7.993333333333333,6.665999999999998,6.830500000000001,7.145333333333336,7.158791666666667,4,4,POINT (56.28 26.95)
131,OIKB,Hormozgan,Qeshm Island,40880,10.3525,9.930499999999999,9.257000000000001,9.439,9.805000000000003,9.544999999999995,8.264,8.463000000000001,9.121000000000002,10.384499999999996,10.799999999999997,11.208499999999999,9.201307312647819,6.1327806160188025,7.787532130507847,4.884135838116971,2.4782106412755063,1.4422495703074083,3.2654491274529507,1.4454474733943607,2.80246381775939,2.6846869791036254,5.7472829002613715,6.249482623839354,18.221,19.9465,22.841,26.573500000000003,30.005000000000003,33.010000000000005,34.839,34.6595,32.7755,29.3695,24.539,20.375,23.395,24.9075,27.466,31.288,34.9055,37.775999999999996,38.969,38.885000000000005,37.3335,34.558499999999995,29.9335,25.9745,13.0425,14.977,18.209,21.849,25.1005,28.231,30.705000000000002,30.422000000000004,28.2125,24.174,19.1335,14.766,26.75,55.89,6.0,26.473166666666668,34.1695,28.894666666666666,19.514166666666668,27.262875000000005,8.453074753728185,3.4437259070803217,6.137562720325581,10.782963537765223,12.866100929364228,9.500333333333336,8.757333333333332,10.101833333333332,10.497166666666667,9.714166666666669,4,3,POINT (55.89 26.75)
132,OIKB,Hormozgan,Siri Island,40889,4.928000000000001,5.033999999999999,5.310000000000002,5.951499999999996,6.450999999999997,5.721,4.8870000000000005,4.591499999999996,5.207500000000003,5.519500000000001,5.129000000000001,5.029499999999999,8.544678242716223,5.22260865976585,6.574681079626604,5.214162575615647,3.0003703246550395,0.0,0.0,0.0,0.0,3.2554150357632166,7.3848484724326315,7.5416937143127445,20.9185,21.3385,23.329,26.734,30.645,32.671,34.1845,34.5565,33.463,31.190500000000004,27.1135,23.268,23.3815,23.855,25.9795,29.708999999999996,33.8685,35.5315,36.6265,36.852,36.067,33.9465,29.677,25.782999999999998,18.4535,18.821,20.6695,23.7575,27.4175,29.8105,31.7395,32.2605,30.859499999999997,28.427,24.548,20.7535,25.9,54.55,4.4,26.902666666666665,33.804,30.589000000000002,21.84166666666667,28.284333333333336,7.679916177470547,0.0,7.5899682971498486,10.61257555776455,12.776188642251547,5.904166666666665,5.066499999999999,5.285333333333335,4.997166666666666,5.313291666666667,4,4,POINT (54.55 25.9)
133,OIKK,Kerman,Anar,40839,15.403,15.205499999999997,15.434000000000001,15.703000000000001,16.6565,18.1285,17.89157894736842,18.21315789473684,19.3625,18.137,15.886500000000003,16.0735,5.7760007136224285,5.5775247132878185,5.8733645666641845,5.860678865389616,4.2171633265087465,0.8434326653017492,3.906366983163256,2.7589241763811208,1.5326188647871062,3.0652377295742124,5.668088839507935,5.076167154529783,6.8185,9.818999999999999,14.9695,19.5005,24.503,28.9945,30.318421052631578,27.94157894736842,24.6095,19.4535,12.5085,8.046,14.522,17.444499999999998,22.6845,27.356,32.82,38.0445,39.263684210526314,37.04684210526316,34.2905,28.5185,20.454500000000003,16.073,-0.881,2.239,7.2505,11.653,16.1635,19.916,21.372105263157895,18.833684210526318,14.928,10.381499999999999,4.568,-0.0004999999999999894,30.88,55.25,1409.0,19.657666666666668,29.084833333333336,18.857166666666668,8.227833333333333,18.956874999999997,7.82380411588265,4.330484649743455,5.986078836291879,7.921152520777868,10.833952364364087,15.931166666666668,18.077745614035084,17.795333333333335,15.560666666666668,16.841228070175443,2,1,POINT (55.25 30.88)
134,OIKK,Kerman,Baft,40853,11.424499999999998,11.459999999999999,12.161499999999998,12.044999999999998,13.021999999999998,13.225000000000001,12.677499999999995,12.6475,13.0975,13.242,12.238,12.376,9.69300519558626,9.74993206176636,9.207327181117385,8.386353503516222,5.969381049477057,2.8614803166854315,5.391711105807849,6.5376903003025255,3.11171426325566,4.6263765077365875,7.0055737919493035,7.259195624593223,4.795,6.6175,10.395999999999999,14.943999999999999,20.069,25.0855,26.622000000000003,24.993000000000002,22.3065,16.986,10.491499999999998,6.706,10.5095,12.3545,16.4885,20.9685,26.5815,31.691000000000003,32.964999999999996,31.317,28.856,23.617,16.61,12.891499999999999,-0.915,0.8945000000000001,4.327,8.9235,13.5595,18.466,20.2875,18.6695,15.758500000000002,10.375,4.372,0.5155000000000001,29.24,56.58,2280.0,15.136333333333331,25.566833333333335,16.59466666666667,6.0395,15.834333333333332,11.654696111864958,7.717204460889028,7.791322807261507,13.04534461055399,16.793014858765634,12.4095,12.85,12.859166666666667,11.7535,12.468041666666666,3,0,POINT (56.58 29.24)
135,OIKK,Kerman,Bam,40854,11.406,11.584,12.065499999999998,12.1035,12.291,12.267000000000003,11.685499999999998,11.682500000000001,12.402499999999996,11.982000000000003,11.2855,11.543000000000003,4.928859266453217,6.022232333622473,5.880120780526122,5.853683121509212,4.360318131824078,2.33616436417763,1.2620174282199965,1.6984992522418105,0.27144176165949063,2.967425355481819,3.7214724197812954,4.536007409261621,12.185500000000001,15.285,20.7775,25.6975,30.7825,34.748000000000005,35.721,33.5855,30.762,25.833,18.436500000000002,13.362,17.8625,21.0795,26.808,31.7515,36.93,40.8815,41.562,39.4225,36.952999999999996,31.8225,24.087,19.130000000000003,6.4565,9.4955,14.742500000000001,19.648,24.639,28.6145,29.8765,27.74,24.5505,19.8405,12.801499999999999,7.587000000000001,29.08,58.35,1066.9,25.752499999999998,34.68483333333333,25.010499999999997,13.610833333333332,24.76466666666667,7.866481929333421,2.698947921148525,4.2669908065375735,7.556491938284553,10.051797901160413,12.15333333333333,11.878333333333336,11.89,11.511000000000001,11.85816666666667,2,1,POINT (58.35 29.08)
136,OIKK,Kerman,Kahnuj,40877,12.2725,12.207000000000003,13.209499999999998,14.4025,15.366,14.798499999999997,13.440000000000001,13.911999999999999,14.769999999999996,14.965,13.966499999999998,14.129,9.576374195757332,8.593974506531545,8.775560633330878,5.552878413835124,4.25652975484995,3.8995835628108484,4.626220763703219,5.955504169214141,3.184692517060835,3.659554625451943,5.228346184996113,6.738003382681596,14.5255,17.6445,22.3125,27.898000000000003,33.402499999999996,36.9365,37.49,36.342,33.827,28.889999999999997,21.684,16.125999999999998,20.6565,23.755000000000003,28.912,35.0955,41.0845,44.3335,44.2085,43.2945,41.207499999999996,36.369,28.656,23.18,8.384,11.548,15.7025,20.693,25.7185,29.535000000000004,30.7685,29.3825,26.4375,21.404,14.6895,9.051,27.99,57.71,499.0,27.871,36.92283333333334,28.133666666666667,16.098666666666666,27.256541666666667,9.740490399155334,7.176078014684862,6.075255850176292,12.20671940158006,14.943147756690259,14.325999999999999,14.050166666666664,14.567166666666665,12.8695,13.95320833333333,1,3,POINT (57.71 27.99)
137,OIKK,Kerman,Kerman,40841,16.3005,15.562,16.2685,16.261,17.5505,18.333499999999997,17.723999999999997,18.835,20.3965,19.457,17.765500000000003,17.983999999999998,6.86623566381807,8.01860254297905,7.242584570151201,7.1256888633239335,4.733962534003236,2.0769976407404416,2.3033347970322966,2.811770181005146,1.896392045072488,3.2262169155107308,5.548009458499944,6.239395350134247,5.652,8.4,12.893,17.386000000000003,22.156,26.645,27.9685,25.331,22.2885,17.432,11.0235,6.5969999999999995,13.8105,16.18,21.029,25.5095,30.9315,35.809,36.826499999999996,34.7455,32.4865,27.1595,19.9095,15.584999999999999,-2.4899999999999998,0.618,4.7605,9.2485,13.381,17.4755,19.1025,15.910499999999999,12.09,7.702500000000001,2.144,-2.399,30.25,56.96,1754.0,17.478333333333335,26.64816666666667,16.914666666666665,6.883,16.981041666666666,9.464540012492776,3.5144976879401146,5.954940227714703,10.266785900303754,12.975456651126905,16.69333333333333,18.297499999999996,19.206333333333333,16.615499999999997,17.703166666666668,2,1,POINT (56.96 30.25)
138,OIKK,Kerman,Lalehzar,40852,12.2715,11.6425,12.793000000000001,13.381999999999998,14.35,15.236,14.827500000000002,14.968,15.325500000000002,15.032999999999998,14.042000000000002,13.9875,8.584983710886007,9.053671068473422,9.143023736733785,8.257263269927625,6.671940271707946,3.791393263437891,4.884135838116971,5.116211389968958,2.644786236347104,4.374299207480135,6.66369311834319,6.35373537638234,-0.20800000000000002,1.661,5.292,9.1805,13.678,18.1325,19.502000000000002,17.6095,15.414000000000001,10.734,5.1025,1.6885000000000001,5.9235,7.484,11.687000000000001,15.875499999999999,20.8645,25.7495,26.916500000000003,25.0935,23.076,18.2475,12.124500000000001,8.673,-6.348,-4.1585,-1.106,2.4935,6.5145,10.5135,12.089,10.125499999999999,7.7505,3.2145,-1.9175,-5.3145,29.52,56.83,2775.0,9.3835,18.414666666666665,10.416833333333335,1.0471666666666668,9.815541666666666,11.755009181553865,6.7308004938369965,7.356378377311813,11.77196735534901,15.81917503181945,13.508333333333333,15.010500000000002,14.800166666666668,12.633833333333333,13.988208333333334,3,0,POINT (56.83 29.52)
139,OIKK,Kerman,Shahdad,40843,10.008500000000002,10.713000000000001,11.405499999999996,11.142,11.1645,11.880000000000003,11.966999999999992,12.084500000000002,12.467999999999996,11.418,10.169,9.995000000000001,5.101396516190403,5.494981648405636,4.729794131868058,4.302216272328842,3.4298978003078173,1.4422495703074083,0.0,0.0,0.0,2.1701194126844676,3.4571649736275445,3.5284751872182376,12.893,16.351,22.830000000000002,28.7115,34.478500000000004,38.855000000000004,39.9925,37.819,34.332499999999996,28.558,20.2225,14.479499999999998,17.902,21.7315,28.532999999999998,34.2785,40.063,44.7935,45.977999999999994,43.8615,40.562,34.283,25.308500000000002,19.4765,7.8935,11.0185,17.1275,23.1365,28.898500000000002,32.9135,34.011,31.776999999999997,28.094,22.865000000000002,15.139500000000002,9.4815,30.41,57.68,482.0,28.673333333333336,38.88883333333333,27.704333333333334,14.5745,27.460250000000002,6.089312109590278,1.4422495703074083,3.7214724197812954,6.997345932606443,8.540475926287154,11.237333333333332,11.977166666666667,11.351666666666665,10.238833333333334,11.20125,4,3,POINT (57.68 30.41)
140,OIKK,Kerman,Shahrebabak,40849,15.943499999999998,15.455789473684213,16.8365,16.9805,18.310000000000002,18.4895,16.695,17.020500000000006,18.998500000000003,19.186500000000002,16.882,16.939999999999998,6.948741210524697,8.077016592905276,7.567392617531125,7.024877469019458,4.721584740295093,1.3959064093817775,3.127810804376533,2.6542828572755144,1.6750686836022342,3.5736762993503133,6.24067944059037,5.999166550899126,3.9130000000000003,6.467894736842105,10.542,15.270500000000002,20.311,25.607499999999998,27.9235,25.772,22.151,16.328,9.714,5.331,11.8845,14.19263157894737,18.972,23.7575,29.4555,34.854,36.2735,34.2805,31.646500000000003,25.928500000000003,18.151,13.809999999999999,-4.058999999999999,-1.263157894736842,2.1355,6.776999999999999,11.1455,16.3645,19.5785,17.259999999999998,12.648,6.742,1.269,-3.13,30.15,55.11,1834.1,15.3745,26.43433333333333,16.064333333333334,5.237298245614035,15.777616228070174,9.601967189457312,3.7329896225521164,6.644797785691788,10.254659788870516,13.21735168344691,17.375666666666667,17.401666666666667,18.355666666666668,16.11309649122807,17.31152412280702,2,1,POINT (55.11 30.15)
141,OIKK,Kerman,Sirjan,40851,14.5595,13.916,14.728,15.242499999999998,16.8535,17.098499999999998,15.534499999999998,16.218000000000004,17.2065,17.445499999999996,15.873,16.081,7.408123535702677,8.129758947761061,7.521597008792547,7.334322639717618,4.582034526382497,1.5036945962049748,4.30904890880778,3.506382910305814,1.3924766500838337,3.808016318222095,6.293046834526921,6.065033305534433,6.267,9.139,13.1815,17.520500000000002,22.322,27.4255,29.472500000000004,27.1775,24.0535,18.471,11.8795,7.458,13.5285,16.0925,20.5395,25.137999999999998,30.7495,35.967,37.2375,35.2815,32.6545,27.196999999999996,19.816,15.501,-1.0310000000000001,2.1765,5.8115000000000006,9.8955,13.896,18.8685,21.703,19.063499999999998,15.447999999999999,9.7515,3.943,-0.5800000000000001,29.47,55.66,1739.4,17.674666666666667,28.025166666666667,18.134666666666668,7.621333333333333,17.863958333333336,9.71269107949169,5.020185069604414,6.74702200596491,10.528208352691486,13.60260186667065,15.607999999999999,16.283666666666665,16.841666666666665,14.852166666666667,15.896374999999999,2,1,POINT (55.66 29.47)
142,OIKK,Kerman,Zarand,99549,14.778,14.119500000000002,14.985500000000002,15.423500000000004,16.802999999999997,17.702500000000008,17.191,18.0915,19.303499999999996,18.2445,15.999499999999998,16.0475,6.198629596528512,7.661504611645375,6.87858655838655,6.856039215568755,5.116848035577926,2.3579480392365464,2.790101099868007,1.6984992522418105,0.4791419857062784,3.348948953707376,6.032050709374889,5.779695150406937,6.279,8.878,13.5,18.16,22.9085,27.4925,28.847500000000004,26.438499999999998,23.3755,18.309,11.713,7.447,13.663,15.940000000000001,20.990000000000002,25.872000000000003,31.311,36.346500000000006,37.4435,35.488,33.025999999999996,27.432,19.7125,15.467500000000001,-1.115,1.8204999999999998,6.0045,10.4485,14.508000000000001,18.644,20.2525,17.3965,13.7225,9.1875,3.713,-0.58,30.8,56.57,1670.0,18.1895,27.592833333333335,17.799166666666668,7.534666666666666,17.779041666666664,9.211846742308577,3.41223962286762,6.359097877135501,9.586323116727577,12.513670377545507,15.737333333333334,17.661666666666665,17.849166666666665,14.981666666666667,16.557458333333333,2,1,POINT (56.57 30.8)
143,OIMB,South Khorasan,Birjand,40809,14.910499999999999,14.076500000000001,14.788499999999999,15.4695,16.448499999999996,17.089999999999996,16.1405,17.522999999999996,19.809500000000003,19.065499999999997,16.4665,16.397000000000002,7.525777964696389,8.359155459049258,8.183169922566364,7.393395617063959,6.060317526667706,1.647286633155384,0.7719442629361641,3.032969672889397,1.3276143942617729,3.694073785632898,5.859222796046362,6.077964028598624,4.0825000000000005,7.023000000000001,12.755500000000001,18.1145,23.3445,27.729000000000003,28.868000000000002,26.4015,22.9075,17.521,10.579,5.616,12.1955,14.562000000000001,20.264,25.6735,31.089999999999996,35.6155,36.53,34.620999999999995,32.410000000000004,27.133499999999998,19.369,14.508500000000002,-2.715,0.48550000000000004,5.4755,10.204,14.641499999999999,18.5255,20.3895,17.098,12.6005,8.068000000000001,2.9025,-1.8885,32.9,59.25,1491.0,18.0715,27.66616666666667,17.0025,5.573833333333333,17.078500000000002,10.551373330351556,3.202016957612691,6.332194316557286,10.728534777042103,13.918402897312257,15.56883333333333,16.91783333333333,18.447166666666664,15.128,16.51545833333333,2,1,POINT (59.25 32.9)
144,OIMB,South Khorasan,Boshruyeh,99407,13.465789473684211,13.433157894736844,14.90052631578947,15.482105263157894,15.46,16.58,16.325000000000003,16.82473684210526,18.183157894736844,16.897368421052633,14.548421052631582,13.78157894736842,6.381112936941046,6.157232551223112,7.098406043028266,5.928503272205145,5.045452233559282,1.8576020279108958,0.7937005259840997,1.3924766500838337,0.0,2.4809214404627804,5.0603356596946085,4.722481697904112,6.026315789473684,9.515263157894736,16.51736842105263,22.610526315789475,28.871499999999997,33.856,35.153,32.2621052631579,28.05894736842105,21.737894736842104,13.337894736842106,7.432105263157895,12.025789473684211,15.515263157894738,22.916315789473682,28.802105263157895,34.7535,39.845,41.208000000000006,38.695263157894736,35.509473684210526,28.86842105263158,19.696315789473687,13.75736842105263,-1.44,2.082105263157895,8.015789473684212,13.32,19.2935,23.265,24.883000000000003,21.870526315789476,17.326315789473682,11.971052631578948,5.1478947368421055,-0.02421052631578947,33.85,57.42,879.0,22.666464912280702,33.757035087719295,21.04491228070175,7.657894736842105,21.281576754385966,8.855639207605657,2.126054839617926,5.2517756654251855,8.42766765045646,11.312055424466713,15.280877192982453,16.57657894736842,16.542982456140354,13.560175438596493,15.49015350877193,2,1,POINT (57.42 33.85)
145,OIMB,South Khorasan,Ferdows,40792,11.285,11.150500000000001,12.030000000000003,12.819,13.339499999999997,14.105,13.641499999999997,14.057499999999994,15.577000000000002,14.3405,12.2575,11.534500000000001,7.542748472077735,8.075994567373147,7.634091994202068,6.960044479391616,5.619848782040797,2.2313687830221482,0.9004113346093701,0.6839903786706788,1.2231612006930872,3.698709069978032,6.008506452862498,5.493877484559569,4.8165,7.5655,13.51,19.084,24.7205,29.570999999999998,30.818,28.5115,24.7945,18.872,11.4315,6.5645,10.992,13.561000000000002,19.642000000000003,25.349,30.976,35.9675,37.0515,35.040499999999994,32.2025,26.0165,17.957,12.855,-0.293,2.4105,7.612,12.53,17.6365,21.8625,23.41,20.983,16.6255,11.676,5.6995,1.3205,34.03,58.18,1293.0,19.104833333333335,29.633499999999998,18.366,6.3155,18.354958333333336,9.863340937406342,2.299558831577932,6.458113300400514,10.390178103718387,13.319029800046005,12.729500000000002,13.934666666666663,14.058333333333335,11.323333333333332,13.011458333333332,2,1,POINT (58.18 34.03)
146,OIMB,South Khorasan,Nehbandan,40827,13.3845,13.515999999999998,14.223,14.829500000000003,15.1495,13.974499999999999,12.634000000000004,13.098999999999997,16.615500000000004,17.375500000000002,15.205,14.914499999999997,7.607287561967988,7.395102676391362,7.828103747536933,6.214206065075804,4.703573561077225,2.059857343940307,1.259921049894873,1.447041132318426,0.6979532046908887,3.4133843816963907,4.864635001929807,4.9564212825510126,6.906000000000001,10.14,16.235,21.908,27.4015,31.801499999999997,33.082499999999996,30.9495,26.889499999999998,21.0015,13.5765,8.24,13.888,17.051499999999997,23.2345,28.942500000000003,34.4645,38.3675,39.3055,37.489999999999995,34.9945,29.603500000000004,21.3995,16.057499999999997,0.5035,3.5355,9.0115,14.113,19.315,24.393,26.671499999999998,24.391,18.378999999999998,12.228,6.1945,1.143,31.53,60.03,1188.0,21.848166666666668,31.944499999999994,20.489166666666666,8.428666666666667,20.677625,9.374072204480175,2.3968709221362037,5.374341004479253,9.886789849387224,12.512840139283043,14.734,13.235833333333332,16.398666666666667,13.938333333333333,14.576708333333334,2,1,POINT (60.03 31.53)
147,OIMB,South Khorasan,Qaen,40793,14.527,13.694,14.7845,15.5135,15.9875,16.201000000000004,15.405000000000001,16.356,18.703500000000002,18.7185,15.893500000000001,15.357500000000002,7.975026286997796,8.754821832157504,8.165260528879955,7.2849128574165345,6.0790466245209895,3.053127670380998,1.0033222835420892,1.866255578408624,1.7122528813858593,4.075041714855194,6.234082160666063,5.790451987787283,2.847,5.919,11.655,16.634999999999998,21.955000000000002,26.223000000000003,27.346500000000002,24.950499999999998,20.9085,15.5255,9.061,4.478,10.5915,13.0685,19.1785,24.331,29.625,33.560500000000005,34.298,32.3545,29.761000000000003,24.9875,17.536,12.824000000000002,-3.9354999999999998,-0.6255,4.394,8.817499999999999,13.6375,17.3595,18.893,15.998500000000002,11.057500000000001,6.269,1.6425,-2.5335,33.74,59.18,1432.0,16.748333333333335,26.173333333333336,15.165,4.414666666666666,15.625333333333336,10.494025323553679,3.301009791984689,6.803876106171453,11.112887123512479,14.225909846538235,15.4285,15.987333333333334,17.771833333333333,14.526166666666668,15.928458333333333,2,1,POINT (59.18 33.74)
148,OIMB,South Khorasan,Tabas,40791,11.4145,11.755500000000001,12.7865,13.114999999999998,13.0805,13.884499999999996,13.264,13.427499999999995,14.889499999999995,14.224999999999994,12.2535,11.485999999999999,6.188723867691644,6.493563648501257,6.664969012176525,6.151071706065171,4.3911322778162845,1.8211496982469146,1.9264985239507437,0.8921121404456347,0.31072325059538586,2.8631077763376913,4.7831294318610595,4.595016657508852,8.605,11.9745,18.363,24.405,30.393,35.5695,37.204,34.719,30.593,24.0945,15.754,10.129000000000001,14.855,18.2635,25.012,30.9565,36.648,41.9505,43.452,41.089999999999996,37.983999999999995,31.539499999999997,22.512,16.52,3.4405,6.508,12.2255,17.8415,23.567500000000003,28.066000000000003,30.188,27.6625,23.0945,17.314500000000002,10.2585,5.034000000000001,33.6,56.95,711.0,24.387,35.83083333333334,23.480500000000003,10.236166666666668,23.483625000000004,8.496977010365555,2.4043901127973535,5.10357304401817,8.4709968825184,11.101430976405805,12.994,13.52533333333333,13.78933333333333,11.552000000000001,12.965166666666663,2,1,POINT (56.95 33.6)
149,OIMM,Khorasan Razavi,Golmakan,40744,11.049,11.0195,11.827500000000002,13.319,14.218499999999999,15.985500000000002,15.9585,16.708500000000008,17.570999999999998,15.731499999999999,12.2385,11.0895,6.415311645812876,8.052416233909156,9.802456693551584,8.733896913432426,8.907068407403163,5.494540036119847,3.04775432652238,1.8028760605861878,2.761986247902552,5.994810327325254,6.70635766913115,5.85523917624182,3.0255,5.0225,10.428,16.1525,21.9995,27.567,29.470999999999997,27.3675,22.7255,15.98,9.0425,4.7005,7.894,9.7765,15.330000000000002,21.056,26.714499999999997,32.304,34.1755,32.504000000000005,28.5585,21.9515,14.281,9.713,-3.1550000000000002,-1.2429999999999999,3.5025,7.737,12.495999999999999,16.3185,18.217,15.795499999999999,10.9875,6.220000000000001,2.0425,-1.3765,36.48,59.28,1176.0,16.19333333333333,28.135166666666663,15.916000000000002,4.2495,16.1235,13.228275781314125,5.8485227721097175,8.133842050655328,9.956141255608099,15.926564509111131,13.121666666666668,16.217500000000005,15.180333333333332,11.052666666666667,13.893041666666667,3,0,POINT (59.28 36.48)
150,OIMM,Khorasan Razavi,Gonabad,40778,10.6655,11.110500000000002,12.5225,13.2505,13.442499999999999,14.065000000000005,14.284499999999998,14.716000000000001,15.605999999999995,14.717000000000002,11.8775,10.891,7.376342760393499,7.569371188273134,7.6224635476366345,7.214835665125933,5.615201046777612,1.1344471940382816,0.7937005259840997,2.2440170265918304,0.7488872387218508,3.4044923316808524,6.049224680373641,5.456516627635583,4.268,7.397999999999999,13.7285,19.525,25.485500000000002,30.070999999999998,31.037,28.667,24.958000000000002,18.7225,11.1705,5.873,9.901,13.183000000000002,20.0915,25.9755,31.752499999999998,36.325,37.425,35.3455,32.245999999999995,26.086000000000002,17.313,11.574,-0.7645,2.0725000000000002,7.569,12.725,18.31,22.259999999999998,23.1405,20.6295,16.64,11.369,5.435499999999999,0.683,34.35,58.68,1056.0,19.579666666666668,29.925,18.283666666666665,5.846333333333333,18.408666666666665,9.984944009758902,2.366906894436151,6.3926347563534565,9.991659712561056,13.137572533331927,13.071833333333336,14.355166666666667,14.066833333333333,10.889000000000001,13.095708333333333,2,1,POINT (58.68 34.35)
151,OIMM,Khorasan Razavi,Kashmar,40763,9.584,9.646999999999998,10.6875,11.706500000000004,12.403499999999998,13.474999999999998,13.649500000000003,14.315500000000007,14.323500000000003,12.69,10.630499999999998,9.9865,8.03407341922545,8.459926711450162,9.03974194580153,7.7508081016528045,7.095957495105111,3.2964148392299277,1.7694430456361538,1.8191373764994663,2.4232690378780073,4.5729668372329115,6.435576608282637,6.4135293221553145,4.5725,7.4030000000000005,13.427000000000001,19.329500000000003,25.1605,30.140499999999996,31.5625,29.2785,25.305,19.122,11.526,6.403499999999999,9.743,12.463,18.8705,25.011000000000003,31.0005,36.195499999999996,37.7725,35.879000000000005,32.1935,25.512999999999998,17.137999999999998,11.7815,0.15900000000000006,2.816,8.183,13.304499999999999,18.597,22.720499999999998,24.122999999999998,21.563499999999998,17.869999999999997,12.822999999999999,6.5075,1.795,35.27,58.47,1109.7,19.305666666666667,30.327166666666667,18.651,6.126333333333332,18.60254166666667,11.601817986963251,3.6185258998182386,7.220210704327306,11.154460065602727,14.997436598993676,11.599166666666667,13.813333333333338,12.548,9.739166666666666,11.924916666666668,2,1,POINT (58.47 35.27)
152,OIMM,Khorasan Razavi,Mashhad,40745,11.033000000000001,10.885,11.596,12.510000000000002,13.4295,14.668,14.274000000000004,14.774000000000004,15.337000000000003,14.220000000000002,11.8125,10.9715,7.4204934732336145,8.619264547873282,10.068463538042101,8.896762699216517,8.52871488092938,4.929545221212882,3.348354430536051,2.7628598795432593,3.295187352674721,5.734944862774021,6.822546269606301,6.656027474615387,3.169,5.3420000000000005,10.706999999999999,16.2365,21.950499999999998,27.323,29.121,26.9125,22.426499999999997,15.849,9.0995,4.8469999999999995,9.309000000000001,11.326,17.064,22.786,28.716,34.348,35.916000000000004,34.063,30.110000000000003,23.359,15.7375,11.038,-1.7239999999999998,0.44099999999999995,5.468,10.276,15.2865,19.68,21.642,19.288999999999998,14.773,9.139,3.925,0.0665,36.24,59.63,999.2,16.298,27.785500000000003,15.791666666666664,4.4526666666666666,16.081958333333333,13.286065266647327,5.6296471883963815,8.153143429685308,11.035204018497375,16.398160610679717,12.511833333333334,14.572000000000003,13.789833333333334,10.963166666666666,12.959208333333335,3,0,POINT (59.63 36.24)
153,OIMM,Khorasan Razavi,Neyshabur,40746,12.618,12.433,13.629500000000002,15.293500000000002,16.437499999999996,17.692500000000003,17.461499999999997,18.399499999999996,19.589000000000006,17.9545,14.270000000000001,13.0605,7.876273414632703,9.030595461477489,10.185568467159925,8.611989766586646,8.016217103480752,4.529517887314111,3.5812294602710146,1.9147512896579721,2.8176604843990773,5.834553939585588,7.484352562247228,7.139252276235281,1.6629999999999998,4.311999999999999,9.965,15.404499999999999,20.928,26.2065,27.964499999999997,25.6375,21.3795,15.032999999999998,8.0375,3.342,8.5535,10.961,17.083000000000002,23.0345,28.744999999999997,34.041000000000004,35.608,33.790499999999994,30.666000000000004,24.1055,15.655000000000001,10.5245,-4.064500000000001,-1.472,3.4534999999999996,7.741,12.307500000000001,16.3485,18.1465,15.391,11.077,6.151,1.385,-2.536,36.27,58.8,1213.0,15.4325,26.602833333333333,14.816666666666665,3.1056666666666666,14.989416666666665,13.026671081873555,5.264194392355639,8.618770969776268,11.669083399569512,16.613674801414284,15.120166666666668,17.851166666666664,17.27116666666667,12.703833333333334,15.736583333333334,3,1,POINT (58.8 36.27)
154,OIMM,Khorasan Razavi,Quchan,40740,11.979500000000002,11.257000000000001,12.476999999999999,13.870000000000001,15.153500000000001,17.483500000000006,17.157499999999995,18.075499999999998,18.2245,16.154000000000003,12.881,11.7545,8.201595961419052,9.374830811761537,10.473918640259253,9.771065564689993,9.687645020375015,6.160396190855542,5.1094531834713415,4.072832475444202,4.2908404270262075,6.81020670221014,8.450508238282076,7.315872138915566,-0.4205,1.8735,7.426,12.6745,17.634999999999998,22.706,24.8,22.7915,19.061500000000002,12.9445,6.1475,1.5665,6.229,8.1635,14.303999999999998,20.053,25.2815,30.922500000000003,32.6155,31.0905,28.133999999999997,21.4125,13.2775,8.2365,-5.750500000000001,-3.0934999999999997,1.827,6.183,10.128,13.438999999999998,15.458000000000002,13.015,9.9095,5.2585,0.39649999999999996,-3.518,37.12,58.45,1287.0,12.5785,23.4325,12.717833333333333,1.0065,12.433833333333332,14.408203273470164,7.5754749599621185,9.99436349023935,12.090017493531764,18.362328407019284,13.8335,17.572166666666668,15.753166666666667,11.663666666666666,14.705625,3,0,POINT (58.45 37.12)
155,OIMM,Khorasan Razavi,Sabzevar,40743,10.909999999999998,11.313500000000001,12.405,13.848,14.360999999999997,14.489999999999995,14.136500000000002,14.7635,15.209,14.219500000000002,11.963499999999998,10.9325,7.331098951969674,8.182970806563546,8.856361731816989,8.11839542173805,6.991213465383311,4.207959208209582,2.687920431790584,1.8498417200839945,2.9723383203389444,4.925289220047901,6.895383034723741,6.452674010952114,4.287999999999999,7.044499999999999,12.86,18.5905,24.52,30.036,31.773000000000003,29.5925,25.565,18.7535,11.0355,6.0845,10.463,13.2895,19.555,25.873,31.815499999999997,37.207499999999996,38.792,36.844,33.545,26.5605,17.788999999999998,12.295,-0.44699999999999995,1.9759999999999998,7.15,12.025,17.4545,22.7175,24.6555,22.0805,18.336000000000002,12.341,5.8255,1.3625,36.21,57.65,962.0,18.656833333333335,30.467166666666667,18.451333333333334,5.805666666666666,18.34525,11.626036443607356,4.645608062613423,7.794725779199194,10.657842093772498,14.971650156551252,13.537999999999998,14.463333333333333,13.797333333333333,11.052,13.212666666666669,2,1,POINT (57.65 36.21)
156,OIMM,Khorasan Razavi,Sarakhs,40741,10.8565,10.995999999999999,12.216000000000001,14.1585,15.447500000000005,16.305999999999997,16.195,16.593499999999995,16.988999999999997,15.425999999999998,12.25,10.3435,7.758180747581468,9.11558734155457,9.178810717978578,8.20491476140811,6.330863918783738,2.1987596313852578,1.4293138997630046,0.8879040017426006,2.080083823051904,5.5237540101625155,7.160379077544359,6.671041572845821,5.4670000000000005,7.552499999999999,13.479499999999998,19.295,25.704500000000003,30.902499999999996,32.315,29.851,24.830000000000002,18.157,11.14,6.598000000000001,11.6415,13.6825,20.23,26.6415,33.392,38.54,40.018,37.957499999999996,33.4315,26.351,18.052,12.476,0.7849999999999999,2.6864999999999997,8.014,12.483,17.944499999999998,22.234,23.823,21.364,16.442500000000003,10.925,5.802,2.1325,36.54,61.15,278.0,19.493000000000002,31.022833333333335,18.042333333333335,6.539166666666667,18.774333333333335,11.645707494100417,2.4244037929199393,8.166610208319023,11.501045903613887,15.410332078149878,13.940666666666667,16.364833333333333,14.88833333333333,10.732,13.98145833333333,2,1,POINT (61.15 36.54)
157,OIMM,Khorasan Razavi,Torbat-E Heydariyeh,40762,11.773,11.453000000000001,12.819499999999998,13.606,13.988,14.0075,12.739999999999998,13.287500000000005,16.053500000000003,15.502,12.939499999999999,12.3975,8.590497887923618,9.25376520687956,9.430255613263054,8.795383253269424,7.88630860385048,3.5915956211658604,1.6108635723093283,1.7133890813751436,2.502397699679337,5.148228881654768,6.853414391722799,6.6566293398392675,1.173,3.7299999999999995,9.521,15.4115,21.2,26.195,27.669,25.6445,21.771,15.264500000000002,7.9275,3.0905,7.676,9.989,16.269,22.271,27.9495,32.662,33.714,32.010000000000005,29.4795,23.276,15.0345,10.003,-4.0969999999999995,-1.464,3.4494999999999996,8.665000000000001,13.961500000000001,18.6545,20.974,18.7225,13.425999999999998,7.773999999999999,2.0949999999999998,-2.3945,35.33,59.21,1451.0,15.3775,26.50283333333333,14.987666666666668,2.6645,14.883125,12.619148678888003,3.8153579752802527,7.797084161052259,11.98454027681817,16.211260778137273,13.471166666666667,13.345,14.831666666666669,11.8745,13.380583333333334,3,0,POINT (59.21 35.33)
158,OIMM,Khorasan Razavi,Torbat-E-Jam,40806,12.038,12.102,13.156500000000003,14.241000000000003,14.933999999999996,14.951999999999998,13.9145,14.5595,16.2025,15.739499999999998,12.933499999999999,11.938,7.441981974760184,8.425179549279258,8.494252169468146,7.698914784936184,6.691874012772237,3.3681571459222965,0.6694329500821695,0.9359901623141158,1.1981452829790187,4.699652909331334,6.4403216021898135,5.939200805460745,2.7310000000000003,5.452,11.379999999999999,16.8995,22.9065,27.851499999999998,29.488,27.0815,22.636000000000003,16.032,8.9645,4.21,9.3265,12.046000000000001,18.407500000000002,24.127000000000002,30.182499999999997,34.7425,35.835,33.89,30.5985,24.256999999999998,16.1145,10.968,-2.7115,-0.05600000000000001,5.2509999999999994,9.886,15.248500000000002,19.7905,21.9205,19.3305,14.396,8.5175,3.181,-0.97,35.3,60.56,950.4,17.062,28.14033333333333,15.877500000000003,4.131,16.30270833333333,11.103405064158586,3.400749546396105,7.196152780048571,10.68445058515594,14.423425092905735,14.110500000000002,14.475333333333333,14.9585,12.026000000000002,13.892583333333334,2,1,POINT (60.56 35.3)
159,OIMN,North Khorasan,Bojnurd,40723,11.761500000000002,11.6785,12.81,13.9755,13.8475,15.1985,15.004999999999999,15.864,15.8115,15.039000000000001,12.982,11.355,6.931647663017669,8.668871891169271,9.466028247189039,8.4960535312977,8.633956250014073,5.8313208477273895,4.381430000887118,4.859841143683958,4.488034053183661,6.4739788096508,7.659175627708903,6.922756205465592,1.1620000000000001,3.0300000000000002,8.123999999999999,13.238499999999998,18.608,24.002000000000002,26.180500000000002,24.551,20.6785,14.012,6.9875,2.7635,7.729000000000001,9.5335,15.2095,20.7905,25.683,31.4335,33.6445,32.2545,28.7055,22.027,14.219,9.031,-4.0325,-2.145,2.3995,6.815,11.8355,16.235,18.6395,16.3905,12.894,6.9879999999999995,1.2369999999999999,-2.3240000000000003,37.49,57.3,1065.0,13.323500000000001,24.91116666666667,13.892666666666665,2.3185000000000002,13.611458333333333,12.81614986241551,7.350707198986662,9.325723672655084,10.959298621357082,16.666643111077818,13.544333333333332,15.355833333333331,14.610833333333334,11.598333333333334,13.777333333333331,3,0,POINT (57.3 37.49)
160,OING,Golestan,Gonbad-E-Kavus,99240,11.114,10.783999999999999,11.488,12.2905,14.441499999999998,14.933000000000007,12.822000000000003,13.978499999999997,13.3735,13.133500000000002,11.863999999999999,10.940499999999998,9.801658750183055,11.12714725206958,10.656139788106305,9.485295812020798,7.829844027150763,6.429776611201469,6.6370884075114915,7.193705919210123,6.566728793706781,8.727162213194413,9.16037621688521,9.244530489436482,8.4465,8.9785,12.6045,16.7165,22.926,28.339999999999996,30.4275,29.927999999999997,26.5105,20.431,13.985999999999999,10.074,14.011000000000001,14.365,18.3465,22.8615,30.145999999999997,35.803000000000004,36.844,36.913,33.194,26.987000000000002,19.904,15.541999999999998,2.897,3.5810000000000004,6.858499999999999,10.571,15.7045,20.869999999999997,24.022,22.9345,19.820500000000003,13.8535,8.040000000000001,4.6015,37.27,55.21,37.2,17.415666666666667,29.565166666666666,20.309166666666666,9.166333333333332,19.114083333333337,13.650282434548387,9.762609151933104,11.973390110505125,14.595735916194318,20.246824681205965,12.74,13.911166666666668,12.790333333333335,10.946166666666665,12.596916666666665,0,2,POINT (55.21 37.27)
161,OING,Golestan,Gorgan,40738,11.2985,10.589,11.111,11.894000000000002,13.5675,13.0885,10.931000000000004,12.076,11.8915,12.344999999999999,11.500000000000004,10.928500000000001,10.457881160466837,10.382453153283544,10.675771306294124,9.043941490051765,7.889148161668391,6.9720655427638185,6.971242564558898,6.548279562908013,8.548648373369009,10.015077256209796,10.312969491940322,9.078530880712666,7.4965,8.4165,12.0255,16.0405,22.2255,27.160000000000004,29.125,28.9135,25.8045,19.824,13.335263157894737,9.1165,13.135,13.7125,17.582,21.984,29.0065,33.7025,34.587,34.949,31.752499999999998,25.990499999999997,19.09684210526316,14.598500000000001,1.8364999999999998,3.1235,6.470999999999999,10.09,15.438999999999998,20.614,23.656,22.872999999999998,19.860999999999997,13.645499999999998,7.596842105263158,3.6700000000000004,36.9,54.41,0.0,16.763833333333334,28.3995,19.654587719298245,8.343166666666667,18.29027192982456,13.476373856982743,9.859673388372249,13.969525549714854,14.440389438114893,20.9106330821052,12.190833333333336,12.031833333333333,11.91216666666667,10.938666666666668,11.768375000000004,0,2,POINT (54.41 36.9)
162,OING,Golestan,Kalaleh (Airport),88113,10.93684210526316,10.961052631578948,11.406842105263157,12.012105263157894,14.151052631578946,14.75368421052632,12.357894736842102,13.172631578947367,12.906842105263156,12.782105263157895,11.42263157894737,10.707368421052632,10.42255951015779,11.900873226413422,11.55951503175743,10.641236076646052,8.675874500396429,7.209131931375915,7.919026935514969,9.026710771110585,7.4974806352830985,9.046874779387561,9.617632524693446,10.008359676300518,8.407368421052633,8.99263157894737,12.348947368421053,16.27052631578947,22.28736842105263,27.617368421052632,29.537894736842105,29.06947368421053,25.725789473684213,19.943157894736842,13.81736842105263,9.99842105263158,13.873157894736844,14.463157894736844,18.049473684210525,22.276842105263157,29.361052631578946,34.99368421052632,35.72052631578947,35.653684210526315,32.17842105263158,26.33105263157895,19.531052631578948,15.351578947368422,2.936315789473684,3.5021052631578953,6.642631578947368,10.264736842105263,15.21,20.24,23.36263157894737,22.481052631578947,19.271578947368422,13.548947368421054,8.108421052631579,4.644210526315789,37.38,55.46,128.8,16.968947368421052,28.741578947368424,19.828771929824562,9.132807017543861,18.668026315789476,15.040807401577275,11.712592670534217,12.706479839570335,15.632564017689853,22.15942728778314,12.523333333333332,13.428070175438597,12.370526315789474,10.86842105263158,12.297587719298244,0,2,POINT (55.46 37.38)
163,OING,Golestan,Maravehtappeh,40721,7.979,8.777000000000001,9.462,10.3795,11.497,12.361500000000003,11.600999999999999,11.317,10.446500000000004,9.540000000000001,8.419,7.7585000000000015,8.911687712466446,9.790021774896505,10.098689500914265,9.508505770868654,8.373442199304908,6.662116339329238,6.749510709846685,6.30631767357147,6.221878996562673,8.447940162928449,8.557670123178678,8.710543433513033,7.9215,8.500499999999999,12.385000000000002,16.7785,22.7975,27.976999999999997,29.726499999999998,29.4985,25.827999999999996,19.824,13.342500000000001,9.536,11.9055,12.883000000000001,17.1235,21.9665,28.544,34.1565,35.5265,35.156,31.047500000000003,24.5895,17.5505,13.411000000000001,3.9265,4.106,7.661499999999999,11.587,17.047,21.794999999999998,23.9255,23.839,20.601,15.0495,9.131499999999999,5.6525,37.8,55.94,460.0,17.320333333333334,29.067333333333334,19.664833333333334,8.652666666666667,18.676291666666668,13.529756038535467,9.487407137439096,11.371551101886563,13.213381746225297,19.227279654006196,10.446166666666667,11.759833333333333,9.468500000000002,8.1715,9.9615,0,2,POINT (55.94 37.8)
164,OISS,Fars,Abadeh,40818,13.645,13.116000000000001,14.156999999999996,14.2565,15.648,17.211999999999996,16.2745,16.5155,17.5535,16.8555,14.488000000000003,14.386000000000001,6.768408825555712,7.253941574510056,7.561392388385885,7.630257951882822,5.9188138297928194,2.689764631636242,3.7809293833746964,1.5452857108211417,2.533937221378808,3.750844254359401,7.156411026550222,6.155825445053544,2.947,5.3955,9.940999999999999,14.4215,19.5735,25.200499999999998,27.4575,25.299500000000002,21.6245,15.6885,8.6375,4.5945,10.144,12.1735,17.032999999999998,21.393,26.9865,32.888999999999996,34.7355,32.7855,29.912,24.016,16.186500000000002,12.2955,-3.501,-0.9425000000000001,2.8760000000000003,7.1365,11.3385,15.677000000000001,18.461000000000002,16.27,12.3585,7.160500000000001,1.6985,-2.0905,31.2,52.62,2030.0,14.645333333333332,25.985833333333336,15.316833333333335,4.312333333333334,15.065083333333334,10.272222260680582,4.258001075311009,7.5801768720200755,9.743616246346928,13.611243585487761,14.687166666666664,16.667333333333332,16.299000000000003,13.715666666666666,15.342291666666668,2,1,POINT (52.62 31.2)
165,OISS,Fars,Bavanat,99561,11.5965,11.314,12.236,13.119499999999999,15.457499999999998,17.075499999999998,16.4385,16.512,16.830500000000004,15.454999999999998,12.520999999999999,12.533999999999999,8.213521217896115,9.542048148928153,9.779402804215973,8.273267649397944,5.848230404444156,2.2669501759949746,3.9983326384062337,3.490860508714679,2.60167544870294,4.559377672330111,7.943561101010146,6.757476854424429,4.6375,6.599500000000001,10.812000000000001,15.145500000000002,20.3625,25.863,27.6255,25.5215,22.5415,17.1095,10.189499999999999,6.412000000000001,9.4685,11.3315,15.719,20.107499999999998,25.726499999999998,31.387,32.9925,31.0625,28.335500000000003,22.7065,15.2755,11.6045,-2.128,0.017499999999999967,3.4829999999999997,6.9879999999999995,10.269,14.3115,16.554,14.5505,11.504999999999999,7.2515,2.7544999999999997,-0.9295,30.48,53.61,2231.0,15.440000000000003,26.33666666666667,16.6135,5.883,16.068291666666667,11.938504844920995,4.906391769741437,8.497715649117957,12.008050153933077,16.089073511640436,13.604333333333331,16.67533333333333,14.9355,11.814833333333333,14.2575,3,0,POINT (53.61 30.48)
166,OISS,Fars,Dorudzan,40844,11.7955,12.392,13.469,13.9555,15.3955,16.5465,15.64,15.991000000000003,16.6415,15.662000000000003,12.567,12.160499999999999,11.03397210841787,11.413286038553158,10.96869889425138,8.80425070125612,5.795220001459553,1.338865900164339,3.619289463018749,2.2246538198109436,1.6631034988407658,5.36265962906165,10.824401842969415,10.172120457651303,6.201,8.8095,12.988999999999999,17.479,23.468,29.577999999999996,31.360000000000003,29.624000000000002,26.173000000000002,20.6275,12.984,8.417,11.6745,14.391,18.776,23.2785,29.5375,35.8815,37.6845,36.1105,32.979,27.1625,18.5135,13.934999999999999,-0.12099999999999997,1.999,5.307,9.323,14.142000000000001,19.335,22.0445,20.1195,16.3375,11.500499999999999,5.9465,1.7745000000000002,30.18,52.46,1642.0,17.978666666666665,30.18733333333334,19.928166666666666,7.809166666666666,18.975833333333334,12.99952660998083,3.9326214039144274,11.258584394451232,15.717205636076184,19.632712967568782,14.273333333333333,16.05916666666667,14.956833333333334,12.116,14.351333333333335,3,1,POINT (52.46 30.18)
167,OISS,Fars,Eqlid,40828,11.2025,10.9035,11.943999999999999,12.527999999999999,14.351499999999998,16.176000000000002,15.541500000000003,15.722999999999997,15.917499999999999,14.6565,11.878499999999999,11.719999999999999,9.746389195487996,10.399895215906787,10.26814553011242,9.73120640125105,5.819632243740999,2.5092987040930996,3.419951893353394,2.168702885250197,1.9398774145803332,5.0813363710899235,8.740315816462292,8.19877038869739,2.7085,4.5995,8.7705,13.080000000000002,18.184,23.6265,25.529,23.353,20.330000000000002,15.001,8.293,4.613,8.191500000000001,9.905,14.597999999999999,18.976,24.538999999999998,30.435000000000002,32.124,30.29,27.514499999999998,21.9255,14.1535,10.3385,-3.011,-0.9984999999999999,2.654,6.448,10.1875,14.259,16.5825,14.567000000000002,11.597,7.269,2.275,-1.3815,30.9,52.63,2300.0,13.344833333333336,24.1695,14.541333333333334,3.9736666666666665,14.007333333333335,13.008337846455028,4.04124002062219,9.30709752258371,13.753825932582068,17.83722588528451,12.941166666666666,15.8135,14.150833333333333,11.275333333333334,13.545208333333333,3,0,POINT (52.63 30.9)
168,OISS,Fars,Estahban,99607,13.714,13.397,14.714499999999997,15.704499999999998,17.625000000000004,18.082,16.116000000000003,16.000000000000004,17.9365,18.033499999999997,15.3835,15.2385,9.709757425645602,10.111974817424468,9.914538378407089,8.150233975241754,4.909159599155245,2.1708269834593175,5.88868846805474,4.809068504489085,1.8546995200144507,3.280695371109103,7.944406228138474,7.4130400707216655,7.765000000000001,10.196000000000002,14.239500000000001,18.697499999999998,24.341,29.736,31.327999999999996,29.6655,26.3795,20.936,13.878499999999999,9.381499999999999,13.496,15.752,19.950499999999998,24.4855,30.515500000000003,35.7055,37.13,35.5305,32.769,27.433999999999997,19.883,15.5465,-0.21800000000000003,2.355,5.236,8.781,12.8905,17.6235,21.014,19.5305,14.8325,9.4005,4.499499999999999,0.308,29.14,54.05,1690.0,19.092666666666666,30.243166666666667,20.398,9.114166666666668,19.712,11.779010854113697,6.87992484594307,8.15875581760989,13.307783711422335,16.938404544040637,16.014666666666667,16.73266666666667,17.117833333333333,14.1165,15.995416666666666,2,1,POINT (54.05 29.14)
169,OISS,Fars,Fasa,40859,14.2485,14.602999999999998,16.4435,17.158500000000004,18.549500000000002,19.5765,17.957,17.8335,19.008499999999998,18.5625,15.883000000000003,15.5945,10.657666018403331,10.266469655708645,9.477175121334216,7.304582098577322,3.9893466517320304,0.896280949311433,5.2114638602071155,3.4151000815991153,1.340722859409829,2.500266638227278,7.749365192540876,7.9822000077414526,7.8125,10.2485,14.126499999999998,18.932499999999997,25.2825,30.333499999999997,32.1145,30.6295,26.7485,21.037,13.9325,9.3275,15.3435,17.744999999999997,22.311500000000002,27.311500000000002,33.917500000000004,39.1245,40.348,38.945,35.9075,30.3555,22.255000000000003,17.678,1.095,3.142,5.868,10.153,15.368,19.548,22.391,21.1115,16.899,11.793,6.372,2.0835,28.9,53.72,1268.0,19.447166666666664,31.025833333333328,20.572666666666667,9.1295,20.043791666666667,10.926367720936325,5.667985083465526,7.848232796238678,14.096677788118782,16.83483653754697,17.383833333333335,18.45566666666667,17.818,14.815333333333333,17.118208333333335,2,1,POINT (53.72 28.9)
170,OISS,Fars,Hasanabad (Darab),40862,13.397000000000002,13.442500000000003,14.763499999999999,15.530000000000003,17.092499999999998,17.528999999999996,15.476999999999997,14.805000000000003,16.930500000000002,17.264000000000003,15.226500000000001,15.0595,10.221076501150382,10.324208617357268,9.451162105249306,7.2615985571949615,4.162862305275209,1.3388659001643393,5.272361160757664,3.8315471619677655,2.8896978887028797,3.3827849553820024,7.314377120555984,8.028647294120042,11.17,13.6805,17.817500000000003,22.9525,29.536,34.7185,36.082,34.7605,30.813,25.049,17.7425,12.999500000000001,17.19,19.5465,23.9925,29.103,35.705,40.957499999999996,42.096,40.593,37.623000000000005,32.134,24.2905,19.683,3.793,6.104,9.229000000000001,13.572999999999999,18.6125,23.4285,26.619,25.788,20.692500000000003,14.87,9.064,4.6235,28.79,54.3,1098.2,23.435333333333336,35.187000000000005,24.534833333333335,12.616666666666667,23.943458333333336,10.911885584507935,5.898381246996523,7.68663561347762,13.900260506133357,16.684384269629675,15.795333333333332,15.936999999999998,16.47366666666667,13.966333333333333,15.543083333333334,1,3,POINT (54.3 28.79)
171,OISS,Fars,Izadkhast,99516,11.722,11.697000000000001,12.735500000000002,13.1565,14.323000000000002,16.056999999999995,15.232,15.4315,16.216000000000005,15.221,12.781,12.2505,7.282525288237972,7.9822000077414526,8.210802736175154,7.161419150051913,5.440910134631079,3.3474622497236233,3.4652340398586183,2.0877594786634486,1.6892049526456883,3.1863349580518716,7.911045810058224,6.684496715336394,3.1215,5.250500000000001,9.864,14.391,19.866,25.770999999999997,27.930500000000002,25.9745,22.691499999999998,16.7365,9.2645,5.2735,8.2715,10.2795,15.074000000000002,19.6295,25.202,31.365,33.37,31.500999999999998,28.672000000000004,22.6145,14.596,10.686,-3.4505000000000003,-1.4175,2.3385,6.473000000000001,10.879,15.308000000000002,18.137999999999998,16.069499999999998,12.456,7.3935,1.815,-1.5645,31.53,52.13,2188.0,14.707,26.558666666666664,16.230833333333333,4.5485,15.511250000000002,10.265868737296579,4.451663730044624,8.104260320427024,10.607364053368592,14.253707868611292,13.405000000000001,15.573499999999997,14.739333333333335,11.889833333333334,13.901916666666667,2,1,POINT (52.13 31.53)
172,OISS,Fars,Jahrom,99646,14.445789473684208,14.70315789473684,16.04578947368421,16.641578947368423,18.63052631578948,19.741052631578945,17.35421052631579,18.269473684210528,19.397368421052633,19.12263157894737,16.276315789473685,15.907368421052631,10.371277999107031,10.115461728043357,9.04239259770252,7.102967746965826,4.536169409526375,1.1934831919273368,4.404231466497231,3.654569868719534,2.771999841748751,2.0432257053988057,8.046808914843583,8.49083209912434,10.686842105263159,13.376315789473685,17.747894736842103,22.761052631578945,29.086842105263155,33.73947368421052,35.22578947368421,33.497894736842106,30.03473684210526,24.427894736842106,17.00578947368421,11.947894736842105,17.046842105263156,19.682631578947365,24.178421052631577,29.136315789473684,35.67473684210527,40.5478947368421,41.57578947368421,40.40894736842105,37.53368421052632,32.142105263157895,24.01578947368421,19.08157894736842,2.6010526315789475,4.979473684210526,8.132631578947368,12.494736842105263,17.044210526315787,20.806842105263158,24.22157894736842,22.139473684210525,18.136315789473684,13.019473684210526,7.739473684210527,3.1742105263157896,28.48,53.53,1082.0,23.19859649122807,34.15438596491228,23.822807017543862,12.003684210526316,23.29486842105263,10.600100865303403,5.141806810783232,8.19753048776616,14.031815398932384,16.679832707694214,17.105964912280704,18.454912280701752,18.26543859649123,15.01877192982456,17.211271929824562,1,3,POINT (53.53 28.48)
173,OISS,Fars,Lamerd,88190,14.518,15.309,16.903500000000005,17.785000000000004,19.295000000000005,20.6955,18.381,18.128500000000003,19.6005,19.6475,16.322,15.563,9.637878414904268,8.286298582882171,7.688666071161251,5.395835838595293,4.36574642794319,0.6694329500821695,3.5439359543549016,3.5120671908385317,3.0765486723924713,2.427236042916945,8.947471795078346,8.858443642262213,15.121500000000001,17.8705,22.3825,28.146499999999996,34.2895,37.9735,38.510000000000005,37.554500000000004,34.326499999999996,29.2865,22.1905,17.142000000000003,21.577,24.4195,29.291000000000004,34.904,41.042500000000004,45.19,45.374,44.536,41.954,37.113,29.119,24.027,7.059,9.1105,12.3875,17.119,21.7475,24.4945,26.993000000000002,26.4075,22.3535,17.4655,12.797,8.464,27.36,53.2,411.0,28.272833333333335,38.01266666666667,28.601166666666668,16.711333333333336,27.8995,8.857126628977749,4.450149386896808,9.124724455306247,12.925311359596414,15.4696457631801,17.994500000000002,19.06833333333333,18.523333333333337,15.13,17.679041666666667,1,3,POINT (53.2 27.36)
174,OISS,Fars,Lar,40873,14.774000000000001,14.891000000000002,15.942500000000003,16.261000000000003,17.497000000000003,18.209500000000002,16.111,16.0895,17.3065,17.644,16.091,16.1255,9.103778167897518,8.472668844840022,8.134345853222793,6.592752988221983,4.556489552254712,3.6667584917316085,6.343397357183921,5.270561842769062,3.8929964158732604,3.891015918796234,7.639921510848117,8.00998752597674,11.826,14.675999999999998,19.088,24.5335,30.387999999999998,34.6635,35.871500000000005,34.558499999999995,31.3205,25.72,18.3745,13.285999999999998,19.4965,22.193,26.891000000000002,32.2595,38.307,42.837,43.5515,42.3095,39.649,34.3435,26.6675,21.7715,4.7225,7.302,10.9485,15.998500000000002,20.81,24.6275,27.440499999999997,26.22,22.3425,16.6995,10.5765,5.646,27.67,54.38,792.0,24.669833333333333,35.031166666666664,25.138333333333332,13.262666666666666,24.525500000000005,9.723702970229667,7.6685397649749545,8.261367861065867,12.33467642219388,15.61971810803803,16.566833333333335,16.803333333333335,17.013833333333334,15.2635,16.411875000000002,1,3,POINT (54.38 27.67)
175,OISS,Fars,Neyriz,40869,11.112000000000002,11.232999999999999,12.361000000000002,12.837,14.169999999999998,14.6965,13.306500000000003,13.559999999999999,14.194500000000001,13.450000000000001,11.801499999999999,11.759,8.472622410352065,9.264535219340331,8.599657458864304,7.511094690729936,4.484390360196186,1.0033222835420892,4.815401915405089,4.426969342701234,1.0131594038201772,3.1016986874639176,7.338224468883322,6.722254652556499,8.572,11.144499999999999,15.397499999999999,20.1465,25.988,31.539499999999997,32.989,31.1005,27.994,22.443,15.035,10.386,13.518,16.141,20.580000000000002,25.264,31.182499999999997,36.5735,38.0125,36.253,33.427,27.8565,20.154,15.584,2.4059999999999997,4.9079999999999995,8.219,12.427,17.0125,21.877000000000002,24.706,22.693,19.232499999999998,14.4065,8.352500000000001,3.825,29.19,54.35,1632.0,20.510666666666665,31.87633333333333,21.823999999999998,10.034166666666666,21.061291666666666,10.47662221426811,5.8424745564986,7.524600700658677,11.951587354714693,15.157670200286246,13.122666666666666,13.854333333333335,13.148666666666665,11.368,12.873416666666666,2,1,POINT (54.35 29.19)
176,OISS,Fars,Safashahr,40855,14.586315789473684,14.335263157894737,16.16526315789474,16.448421052631577,18.491578947368424,19.91631578947368,18.57947368421053,18.292631578947372,19.829473684210527,19.277894736842107,15.74421052631579,15.191052631578948,7.851099958106966,9.056272931878365,8.945930965578757,8.007440993472873,6.1571446259282006,2.8105047577104765,3.481810393730474,2.225327141226092,1.9037782619633032,5.123586760835144,8.402436934672775,7.318113521451302,2.2110526315789474,4.72,9.044210526315789,13.681052631578947,19.422631578947367,25.157894736842106,27.007894736842104,24.92,21.34526315789474,15.50736842105263,8.464210526315789,4.320526315789474,8.32578947368421,10.783684210526316,15.44263157894737,19.69157894736842,25.466315789473686,31.159999999999997,32.82684210526316,30.961052631578948,28.24105263157895,22.73263157894737,14.803157894736842,10.637894736842105,-6.260526315789474,-3.551578947368421,-0.7226315789473684,3.243157894736842,6.974736842105264,11.243684210526316,14.24736842105263,12.668421052631578,8.41157894736842,3.4547368421052633,-0.9410526315789474,-4.5531578947368425,30.59,53.16,2251.0,14.049298245614034,25.69526315789474,15.105614035087719,3.750526315789474,14.65017543859649,11.351693615448632,4.225207440534358,9.023068393633523,11.741267088865015,15.72911147055077,17.035087719298247,18.929473684210528,18.283859649122807,14.70421052631579,17.23815789473684,3,1,POINT (53.16 30.59)
177,OISS,Fars,Sepidan,99566,8.953000000000001,9.046,9.802,10.014500000000002,11.047999999999998,11.9585,11.543999999999997,11.278500000000001,11.478500000000004,10.7265,8.9425,9.161999999999999,13.372722411840709,13.352673322686332,12.834287142616459,10.013215859744228,6.566033018241338,1.2641068648632707,4.059728681910251,4.037767285739408,2.404966566934233,6.310003424073662,12.540497984695735,11.498374061241204,3.8659999999999997,5.406499999999999,9.503499999999999,14.149000000000001,20.128,26.109500000000004,28.062,26.99,23.774,18.064,10.3465,6.538500000000001,8.181000000000001,9.663,13.9375,18.442500000000003,24.4655,30.654000000000003,32.7255,31.699,28.610500000000002,22.709,14.509,10.934999999999999,-0.772,0.617,4.1354999999999995,8.428,13.4175,18.695500000000003,21.1815,20.4205,17.131999999999998,11.9825,5.5665,1.7730000000000001,30.23,52.01,2201.0,14.5935,27.053833333333333,17.394833333333334,5.270333333333333,16.078124999999996,15.038567418626634,5.126886079554086,13.079045028740186,18.461688429159267,22.935895853088788,10.288166666666667,11.593666666666666,10.382500000000002,9.053666666666667,10.329499999999998,0,0,POINT (52.01 30.23)
178,OISS,Fars,Shiraz,40848,13.851999999999999,14.0165,15.3355,15.7055,17.127499999999998,18.777,17.851,17.944000000000003,19.100500000000004,18.591000000000005,15.271,14.8895,10.163124568567705,9.721269796344531,9.238363746419475,8.230138940472406,5.361500285452999,0.9085602964160697,2.663712005227802,2.792240420672335,0.5539658256754465,5.06852328849266,9.964037491499518,9.034313454500305,6.7125,9.449,13.5665,18.094,24.0335,29.404000000000003,31.3225,29.749000000000002,25.933999999999997,19.9955,12.5935,7.9334999999999996,13.847999999999999,16.4175,20.968,25.5545,31.639,37.405,39.1725,37.7485,34.7045,28.910000000000004,20.378,15.6975,-0.004000000000000031,2.4010000000000002,5.6325,9.849,14.511500000000002,18.628,21.3215,19.804499999999997,15.604,10.318999999999999,5.107,0.808,29.54,52.6,1488.0,18.564666666666668,30.158500000000004,19.507666666666665,8.031666666666666,19.065625,11.447295052063993,3.459951662705829,10.38384449273807,13.93473019020422,17.508197519982698,16.056166666666666,18.19066666666667,17.65416666666667,14.252666666666665,16.538416666666667,2,1,POINT (52.6 29.54)
179,OISS,Fars,Takht-E-Jamshid,99575,13.937000000000001,14.190499999999998,15.6245,16.076,17.7425,19.115999999999996,17.349,17.398999999999997,19.3845,18.908,15.205,14.667,9.766978962136932,9.9489060521339,9.588752742330733,8.354048021095409,5.598022260792261,1.8271601368635206,4.396829672158179,2.6061000753373493,0.7937005259840997,5.031929007030106,9.499575234932424,8.500023067988145,6.946,9.4795,13.635499999999999,18.155,24.2065,30.337,32.5025,30.874000000000002,26.9135,20.938,13.3065,8.695,13.079500000000001,15.669999999999998,20.1525,24.602,30.8745,37.086,38.8915,37.461,34.399,28.4395,19.762,15.1835,-0.8574999999999999,1.4795,4.5280000000000005,8.526,13.132,17.970000000000002,21.5425,20.062,15.014500000000002,9.5315,4.557,0.5165,29.92,52.89,1605.0,18.665666666666667,31.237833333333338,20.386,8.3735,19.66575,11.792952796794985,4.773932767709347,9.950320267798654,13.627219849854093,17.396284493141707,16.480999999999998,17.954666666666665,17.8325,14.264833333333334,16.63325,2,1,POINT (52.89 29.92)
180,OISS,Fars,Zarqan,40847,13.933,14.627499999999998,16.0375,16.567,18.244500000000002,20.0845,18.685000000000002,19.1595,19.956,19.3555,15.6545,15.018000000000002,9.606953873700029,9.64046145986326,9.378129325701684,8.27516649446104,5.1738828521975115,1.9129311827723892,3.3388132085757594,2.3465015092672905,1.6018208437107178,4.969413271951459,9.57797322605009,8.683086884406798,6.399,9.208499999999999,13.586500000000001,18.0945,24.186,30.1255,32.163,30.3025,26.663999999999998,20.7135,12.950999999999999,8.174,12.541,15.422999999999998,20.0085,24.439,30.592000000000002,36.7765,38.6685,37.1535,34.064,28.246499999999997,19.562,14.761500000000002,-1.392,0.7955,3.971,7.872,12.3475,16.692,19.9835,17.994,14.108,8.891,3.9075,-0.2565,29.78,52.7,1596.0,18.622333333333334,30.863666666666663,20.1095,7.927166666666667,19.380666666666666,11.52287821119689,3.8516493748122222,10.01826661276911,13.45766343723688,17.133777268328245,16.94966666666667,19.30966666666667,18.322,14.526166666666667,17.276875,2,1,POINT (52.7 29.78)
181,OISY,Khohgiluyeh Va Boyerahmad,Dogonbadan,40835,12.0745,12.574499999999997,14.421000000000001,15.541499999999997,16.484,17.880499999999998,16.748333333333335,16.960555555555555,17.562105263157893,16.898421052631576,13.38684210526316,13.128947368421052,11.312029375128363,10.38909730211035,10.34359253965723,7.373033086501852,5.268761295401983,1.7977337734992862,4.724125235818841,5.056818551376636,3.0007405579170223,5.511381390423232,11.883266266622211,11.366393280185001,11.1695,13.017500000000002,16.809,22.0025,28.2905,32.78,34.71,34.24055555555556,30.783157894736842,25.221052631578946,17.762631578947367,13.227368421052631,17.203,19.310499999999998,24.0165,29.769,36.5255,41.72,43.08111111111111,42.72277777777778,39.561052631578946,33.66684210526316,24.45421052631579,19.791052631578946,5.1285,6.736,9.5955,14.227500000000001,20.0415,23.8395,26.33277777777778,25.762222222222224,21.998947368421053,16.76842105263158,11.067368421052631,6.662105263157895,30.35,50.82,726.0,22.367333333333335,33.91018518518519,24.58894736842105,12.471456140350876,23.334480506822615,11.825555072597732,6.219208550987115,12.32555552137321,15.923225948287834,19.83539057036765,15.482166666666666,17.196462962962965,15.94912280701754,12.592649122807018,15.305100389863549,1,3,POINT (50.82 30.35)
182,OISY,Khohgiluyeh Va Boyerahmad,Yasuj,40836,12.686499999999999,12.5125,13.758999999999999,14.5035,17.238500000000002,19.225499999999997,18.00555555555556,18.217222222222222,18.89421052631579,17.513684210526314,13.863684210526316,13.60578947368421,13.495032465895894,13.651302053470886,13.84332112040924,10.825653465557513,7.066642438902736,2.6404904200637187,4.548125460562376,3.9272256704986424,2.733733169084804,6.2870650874955345,13.301531849112617,12.6752696250871,3.9324999999999997,6.089,9.958,13.9665,19.0035,24.378999999999998,27.064444444444447,25.85,22.379473684210524,16.972105263157893,10.00736842105263,6.0531578947368425,10.2755,12.3445,16.8375,21.2175,27.622500000000002,33.997499999999995,36.06611111111111,34.955555555555556,31.82894736842105,25.72736842105263,16.937368421052632,12.855263157894736,-2.411,-0.168,3.0785,6.714,10.384,14.772,18.060555555555553,16.738333333333333,12.934736842105263,8.213684210526315,3.0736842105263156,-0.7505263157894737,30.7,51.56,1816.3,14.309333333333333,25.764481481481482,16.45298245614035,5.358219298245615,15.471254142300195,16.229125069081373,5.572698749254931,13.79004743430703,19.163982316777812,24.163284716331685,15.167000000000002,18.482759259259257,16.75719298245614,12.934929824561403,15.835470516569202,3,0,POINT (51.56 30.7)
183,OITL,Ardebil,Ardebil,40708,9.879,10.1345,11.922999999999998,13.7215,14.068999999999999,14.412500000000001,13.141500000000002,14.380000000000003,13.324499999999999,12.1975,10.880500000000001,10.265,7.501510806752403,7.710874610523087,8.199712462651952,8.912527071788793,9.443767528057307,6.585997248392848,4.536169409526375,4.768661582597084,5.9019241067142865,8.613607446751157,7.728270731956318,7.316432613302107,-0.3974999999999999,1.4514999999999998,5.9675,10.2895,14.836500000000001,17.877000000000002,19.503999999999998,19.389000000000003,16.636,12.3235,6.4864999999999995,2.163,4.542,6.5280000000000005,11.930499999999999,17.149,21.8735,25.083000000000002,26.074,26.580000000000002,23.298,18.4205,11.925,7.2905,-5.337,-3.6064999999999996,0.007499999999999962,3.4274999999999998,7.8045,10.6705,12.9325,12.2,9.9735,6.223000000000001,1.0445,-2.9745,38.22,48.33,1335.2,10.364500000000001,18.923333333333336,11.815333333333333,1.0723333333333331,10.543875000000002,12.808839922222848,7.870035503715551,10.931363251350401,10.835712823800478,17.28854644107978,13.237833333333333,13.978000000000002,12.134166666666667,10.092833333333333,12.360708333333335,3,0,POINT (48.33 38.22)
184,OITL,Ardebil,Ardebil (Airport),88107,13.518500000000001,12.721,13.7135,15.318499999999998,15.217999999999998,15.3415,13.751999999999999,14.889000000000003,13.346999999999998,13.035,13.024,13.34,7.211952882395112,7.4937429294756175,7.44571168908948,8.695007484813113,8.979666027595826,6.486678832509453,4.32585825016217,4.583304315702421,6.126659275572651,8.377481257826135,7.507607096483927,6.903925512565826,-2.2165,0.4709999999999999,5.258,9.322,13.727,16.792,18.5015,18.162,15.594,11.561,5.4795,0.5589999999999999,4.5280000000000005,6.836499999999999,12.1325,16.9805,21.336,24.46,25.3795,25.604000000000003,22.266,18.078,11.9955,7.2315,-8.9905,-5.8845,-1.581,1.6620000000000001,6.118,9.118500000000001,11.627500000000001,10.715,8.919,5.043,-1.0285,-6.1085,38.33,48.42,1314.3,9.435666666666666,17.8185,10.878166666666667,-0.3955,9.434208333333332,12.151369611956568,7.664059184692944,10.746488847908248,10.40041911525952,16.643643321290078,14.749999999999998,14.660833333333334,13.135333333333334,13.193166666666665,13.934833333333335,3,0,POINT (48.42 38.33)
185,OITL,Ardebil,Bilehsowar,99202,8.3875,8.3305,9.470499999999998,10.891499999999999,12.179,13.409000000000002,12.154500000000002,12.877999999999997,10.459499999999998,8.796500000000002,8.223999999999998,7.8505,9.295885951559423,9.2898644733684,9.22439962994758,8.398185549138931,8.03515776510347,7.024472168140496,4.989846060126295,5.165776236885178,8.496561469626904,10.309364029631572,9.110289050470062,8.402956253497774,4.6354999999999995,5.871,9.520999999999999,13.963999999999999,20.361,25.708999999999996,27.9455,27.564,23.1705,17.15,10.9465,6.587999999999999,8.8295,10.0335,14.251499999999998,19.4135,26.448,32.4125,34.023,34.0025,28.399,21.55,15.053999999999998,10.513,0.442,1.703,4.781000000000001,8.522,14.269,19.0035,21.8685,21.1245,17.939500000000002,12.753499999999999,6.83,2.6625,39.36,48.32,101.4,14.615333333333334,27.072833333333335,17.089,5.6981666666666655,16.118833333333335,12.376925524272407,8.474897101978119,13.508855643707887,13.002662176688222,19.28138020054505,10.847,12.813833333333335,9.159999999999998,8.1895,10.252583333333334,0,2,POINT (48.32 39.36)
186,OITL,Ardebil,Germi,40714,7.334,7.26,8.1355,8.4555,9.1035,10.005499999999998,9.331,9.401499999999999,7.828999999999997,6.892500000000002,6.765000000000001,6.9595,7.219635190014136,7.651553929849939,8.320913053149145,8.710543433513033,9.797250373954437,7.751751251832673,5.731395445054246,5.99749895760935,7.726316878727488,9.50562916612209,7.675222542327516,7.787806941260163,3.9415,4.6765,8.4735,12.7805,18.2495,23.3945,25.329500000000003,25.0835,20.288999999999998,14.755,9.3515,5.6515,7.606,8.3025,12.5395,17.0085,22.7945,28.3955,29.9925,29.782999999999998,24.203,18.201,12.736,9.1325,0.27199999999999996,1.0425,4.404,8.553,13.690999999999999,18.39,20.6615,20.3815,16.374000000000002,11.308499999999999,5.971,2.173,39.05,48.06,749.0,13.167833333333334,24.602500000000003,14.798499999999999,4.7565,14.331333333333331,12.96126537205453,9.545671128185486,12.101613973174837,10.904433849739824,18.28766226224782,8.564833333333334,9.579333333333333,7.162166666666667,7.1845,8.122708333333334,0,0,POINT (48.06 39.05)
187,OITL,Ardebil,Khalkhal,40717,11.059000000000001,10.379999999999999,11.186,13.117999999999999,14.214500000000001,14.583999999999998,12.0835,13.431,15.496500000000003,14.5085,11.5585,11.382000000000001,8.471461382699324,9.440664333693096,9.738768570415012,10.261090514062836,10.197602922551507,7.089530293946764,5.527138597302267,5.824156091094858,5.7626815253617485,8.650825764551513,8.943222816953853,8.401209198562785,-2.7875,-0.7085,4.3315,9.026,13.4625,17.816499999999998,20.723,20.165,16.5085,10.676,4.1465000000000005,-0.11950000000000001,2.7405,4.4875,9.9065,15.588,20.571,25.1105,26.7625,26.875999999999998,24.255000000000003,17.9285,9.9345,5.58,-8.3185,-5.8925,-1.2795,2.4699999999999998,6.3565,10.5265,14.678999999999998,13.444999999999999,8.7585,3.4200000000000004,-1.624,-5.8020000000000005,37.61,48.54,1797.4,8.94,19.568166666666666,10.443666666666667,-1.2051666666666667,9.436666666666666,14.525140689258134,8.974164590940592,11.583041013044058,12.687478099406492,19.472580353407388,12.839500000000001,13.366166666666665,13.854500000000002,10.940333333333333,12.750125000000002,3,0,POINT (48.54 37.61)
188,OITL,Ardebil,Meshkinshahr,40705,7.4384999999999994,7.9935,8.795000000000002,9.688,10.062999999999999,11.073,10.639499999999998,10.822499999999994,10.019499999999999,8.688499999999998,7.629499999999999,7.4910000000000005,7.837774253643211,8.080285337765154,9.213456992207863,10.031103159051707,11.408959817794365,8.937133911684267,7.278248884463624,6.1052718020404555,7.829300272876177,8.495914992121286,8.070010528473318,7.408852323069474,0.8625,2.011,6.169,10.8935,15.352500000000001,19.9005,21.756,21.6625,17.798,12.7095,6.9405,3.4230000000000005,4.592499999999999,6.0175,10.560500000000001,15.736,20.3825,25.434,27.0705,27.065499999999997,22.7975,17.051499999999997,10.761,7.1805,-2.846,-1.9760000000000002,1.7655,6.048,10.319500000000001,14.361,16.431,16.243000000000002,12.778,8.363,3.1315,-0.3105,38.35,47.46,1560.6,10.805,21.106333333333335,12.482666666666667,2.0988333333333338,11.623208333333332,14.852646083813195,10.988831639746888,11.741508879717745,11.228631041090619,19.693587887995463,9.515333333333334,10.844999999999999,8.779166666666667,7.641000000000001,9.195124999999997,0,0,POINT (47.46 38.35)
189,OITL,Ardebil,Parsabad,40700,9.5435,9.735,10.848499999999998,11.9465,12.696499999999997,14.341499999999996,13.174500000000002,13.560500000000001,11.217499999999998,9.897999999999998,9.3305,8.988499999999998,7.589910433991853,7.499851848925372,8.212483464540934,8.061402510710119,8.276772529143361,7.370334116587025,5.455956789675071,4.78385781242782,8.172303942511846,8.733241392631275,7.776744231522441,7.035129529836845,4.0395,5.581,9.562000000000001,14.273500000000002,20.365000000000002,25.557499999999997,27.629,26.9005,22.7035,16.699,10.3275,5.746,8.814,10.4605,14.982499999999998,20.2375,26.708499999999997,32.7275,34.2145,33.682,28.3065,21.644,14.980500000000001,10.241499999999998,-0.7295,0.7255,4.134,8.291,14.012,18.386000000000003,21.04,20.1215,17.089000000000002,11.746,5.65,1.253,39.61,47.88,72.6,14.733500000000001,26.695666666666664,16.576666666666668,5.122166666666668,15.782000000000004,11.804159215600917,8.760167771993046,11.893030780285429,10.648002299666295,17.33199776034155,11.830499999999999,13.692166666666665,10.148666666666665,9.422333333333333,11.273416666666668,0,0,POINT (47.88 39.61)
190,OITR,Azarbayjan-E-Gharbi,Bukan,99332,9.664000000000001,10.357999999999999,11.648499999999999,13.221,14.8245,17.828500000000005,17.3365,17.7525,17.455999999999996,14.8355,11.3795,9.923,9.04116941302778,9.906359210583705,10.047903492453475,10.04483204177484,8.784684102822421,4.10275444496148,3.3459742239898054,3.3234932023529673,3.9559755734234074,8.385784725088385,9.394964860357074,9.991125459916953,-0.146,2.907,7.7985,12.825,17.4145,22.997999999999998,26.741000000000003,26.387,21.902,15.370500000000002,7.840999999999999,2.5225,4.6835,8.081999999999999,13.628499999999999,19.4085,24.821,31.904000000000003,35.4125,35.262,30.627499999999998,22.781,13.5335,7.478,-4.9805,-2.2760000000000002,1.98,6.1875,9.996500000000001,14.0755,18.076,17.5095,13.1715,7.9455,2.154,-2.445,36.53,46.23,1386.1,12.679333333333332,25.375333333333334,15.037833333333333,1.7611666666666668,13.713416666666667,13.934850354629019,5.2321236289590445,11.39824534397721,13.93946653262686,19.164336284619544,13.231333333333334,17.639166666666668,14.557,9.981666666666667,13.852291666666666,3,0,POINT (46.23 36.53)
191,OITR,Azarbayjan-E-Gharbi,Chaldoran,99209,10.588,10.0005,9.181000000000001,10.748000000000001,11.642000000000001,13.686,13.563500000000001,14.249500000000001,13.759500000000001,11.817999999999998,10.0295,9.7955,7.362655783852199,6.904554858559519,8.368161790197862,9.796937818777838,10.58111029974954,10.141488654508073,9.926291372003092,7.348115270986526,6.76440453826472,8.662879673547327,7.481018668399658,7.00421514835455,-4.7015,-2.5295,2.534,8.0585,12.2035,17.099,20.402,20.726499999999998,16.7045,10.417,3.9240000000000004,-1.3065,0.603,2.468,7.1205,13.4175,18.027,23.931,27.1595,27.842000000000002,23.5835,16.319499999999998,8.9375,3.585,-9.985,-7.532500000000001,-2.0605,2.6695,6.385,10.245000000000001,13.596,13.592500000000001,9.824,4.5015,-1.092,-6.210500000000001,39.06,44.41,1888.5,7.5986666666666665,19.409166666666668,10.3485,-2.845833333333333,8.627625,13.94358247656719,13.421788270515801,11.128816180170077,10.234141648234981,19.642851891379944,10.523666666666669,13.833,11.869,10.128,11.588416666666667,3,0,POINT (44.41 39.06)
192,OITR,Azarbayjan-E-Gharbi,Khoy,40703,9.705,10.9185,12.083000000000002,13.101999999999999,13.681000000000003,15.595000000000002,15.308,16.178000000000004,16.128,14.1335,11.5305,9.637,7.006864015426807,7.075242742444537,8.237661384280926,9.620154417093634,9.890812140249755,7.670693117075697,5.9969428870524,4.970088078900353,6.012935056973902,7.796974500505973,7.738247883529632,6.964239391069732,-1.3424999999999998,2.4965,8.302,13.586500000000001,18.115000000000002,23.552,26.472500000000004,26.223000000000003,21.580000000000002,14.891499999999999,7.672499999999999,1.7689999999999997,3.5225,7.9595,14.342500000000001,20.1375,24.964000000000002,31.347500000000004,34.1255,34.3115,29.643,21.945,13.4395,6.590999999999999,-6.1825,-2.959,2.2595,7.035500000000001,11.283,15.752500000000001,18.817500000000003,18.133499999999998,13.515,7.8115000000000006,1.909,-3.0460000000000003,38.56,44.99,1103.4,13.3345,25.415833333333335,14.714666666666666,0.9743333333333334,13.609833333333333,13.420048699667728,9.243477261739828,10.491360996900834,10.118457898515736,17.541322755924075,12.955333333333336,15.693666666666667,13.930666666666667,10.086833333333333,13.166625000000002,3,0,POINT (44.99 38.56)
193,OITR,Azarbayjan-E-Gharbi,Mahabad,40726,8.5705,9.551000000000002,10.702,12.560499999999998,14.334999999999999,16.648,15.8795,16.417499999999997,16.351,13.721,10.535499999999999,8.671,9.78716910292216,12.425562943184929,10.62558197504266,9.994964131094804,8.804766701298401,3.5185410620627353,2.747049176417649,2.768090104766184,4.080654450957436,8.712476045046515,9.711736952852771,9.197013838661881,0.6105,3.3495,8.3455,13.153,17.7665,23.2875,26.625999999999998,26.1555,21.923,15.475,8.248000000000001,2.9555,4.892,8.127500000000001,13.6975,19.435,24.933,31.6115,34.5685,34.363,30.101499999999998,22.3365,13.51,7.2935,-3.6784999999999997,-1.4235,2.9955,6.8745,10.598,14.9635,18.689,17.945500000000003,13.750499999999999,8.6155,2.9745,-1.3775,36.75,45.72,1351.8,13.088333333333333,25.356333333333335,15.215333333333334,2.3051666666666666,13.991291666666664,14.228775214608511,4.405434057455169,11.805379142820719,15.37410332532582,20.20242757479876,12.532499999999999,16.315,13.535833333333334,8.930833333333334,12.828541666666666,3,0,POINT (45.72 36.75)
194,OITR,Azarbayjan-E-Gharbi,Maku,40701,8.849499999999999,8.984,9.226,10.241000000000001,10.799999999999999,12.704999999999998,12.542000000000002,12.899999999999995,12.390500000000001,10.607500000000002,9.463000000000001,8.1265,7.289746033830204,6.533241934951658,8.444669443579155,9.791690860560912,10.698477088407415,8.962602015869571,7.2672833787207445,6.408014049199171,6.755286211143739,8.589323329013075,7.379527049153669,6.496092325808892,-2.8675,0.332,5.971500000000001,11.3545,15.523500000000002,20.9655,24.348,24.3875,19.9435,13.209999999999999,6.175,0.33999999999999997,1.5474999999999999,4.8235,10.5845,16.481,20.9195,27.315499999999997,30.616500000000002,30.839999999999996,26.1365,18.4995,10.909,4.421,-7.302,-4.1605,1.3584999999999998,6.24,10.1195,14.610499999999998,18.0745,17.94,13.746,7.892,1.446,-3.7055,39.38,44.39,1411.2,10.949833333333336,23.233666666666664,13.109499999999999,-0.7318333333333334,11.640291666666668,14.036520296844017,11.097994930422146,11.035231391153053,9.79714619111142,18.58241294393028,10.089,12.715666666666664,10.820333333333336,8.653333333333334,10.569583333333332,0,0,POINT (44.39 39.38)
195,OITR,Azarbayjan-E-Gharbi,Miandoab,99292,9.9505,10.77,12.2285,13.836500000000001,15.499000000000002,17.962000000000003,17.4145,18.628499999999995,19.315999999999995,16.584500000000002,12.402499999999998,10.217500000000001,7.88094537173203,8.22629867121092,9.0092086815805,9.43722226277955,8.2830446923169,4.134002377535474,2.615879154109254,2.519842099789746,4.081455010976201,7.922533539692454,9.031208528203617,8.244679765433322,0.179,3.2909999999999995,8.125,12.904,17.425,22.481,25.6495,24.8805,20.325,14.263499999999999,7.551,2.4665,5.159,8.6735,14.241,19.8125,25.1685,31.460500000000003,34.3605,34.193,29.982499999999998,22.559,13.747499999999999,7.5605,-4.7915,-2.0965,2.0125,5.976,9.6695,13.498500000000002,16.946,15.5645,10.666500000000001,5.9745,1.345,-2.657,36.97,46.05,1300.0,12.818,24.337,14.0465,1.978833333333333,13.29508333333333,12.886627570428082,4.710944766551226,10.919159412367403,11.712130988063912,17.272472287010622,13.854666666666668,18.00166666666667,16.100999999999996,10.312666666666667,14.5675,3,0,POINT (46.05 36.97)
196,OITR,Azarbayjan-E-Gharbi,Naqadeh,99278,10.274000000000001,10.847000000000001,11.853000000000002,13.412,14.704,17.012999999999998,16.893499999999996,17.6355,18.035999999999998,15.102500000000001,12.057500000000001,10.265999999999998,9.155050115144892,9.542377624372072,10.302239749205519,9.43280375383896,8.509654543205919,4.0461325677977635,2.803312406401036,3.315021812889994,3.945511110643358,8.489306043945643,8.781659460481295,8.627019760829677,-0.178,2.9715,7.983,12.789,16.994,21.803,24.6315,24.3805,20.473,14.51,7.496,2.2585,4.981,8.416500000000001,13.917000000000002,19.503,24.344,30.3085,33.08,33.1965,29.483999999999998,22.064,13.525,7.398999999999999,-5.293,-2.4305,2.064,6.090999999999999,9.64,13.295499999999999,16.186500000000002,15.560999999999998,11.448,6.961499999999999,1.4675,-2.867,36.95,45.41,1307.0,12.588666666666667,23.605,14.159666666666666,1.684,13.009333333333332,13.66013237768713,4.995996795726494,11.053322370000357,13.158416737185654,18.471512034387686,13.323,17.180666666666664,15.065333333333333,10.462333333333333,14.007833333333332,3,0,POINT (45.41 36.95)
197,OITR,Azarbayjan-E-Gharbi,Orumiyeh,40712,10.3,11.235,12.593,13.533000000000001,14.594000000000001,16.371499999999997,16.064500000000002,16.694000000000003,17.169500000000003,14.640999999999998,11.8605,10.2085,8.30760419870678,8.34209035009109,9.386422225990028,10.383535338414674,8.7815297863852,5.741423888075806,3.654070644634542,4.251003223375534,4.655010593053648,8.695316102953672,8.887277196218847,8.26902862037208,-1.1640000000000001,1.809,7.071,12.0495,16.357,21.518,24.424,23.822499999999998,19.4575,13.4415,6.494,1.1504999999999999,3.9880000000000004,7.426,13.369,18.815,23.655,29.701999999999998,32.4555,32.1655,28.041000000000004,20.7705,12.4305,6.252000000000001,-6.311999999999999,-3.8089999999999997,0.776,5.282,9.061,13.3305,16.391,15.4715,10.871500000000001,6.1295,0.5700000000000001,-3.9564999999999997,37.66,45.06,1328.0,11.825833333333334,23.254833333333334,13.131,0.5984999999999999,12.202541666666667,13.792360821367925,6.803155974488153,11.345145316554875,11.97982721835379,18.28969529440539,13.573333333333332,16.37666666666667,14.557,10.581166666666666,13.772041666666667,3,0,POINT (45.06 37.66)
198,OITR,Azarbayjan-E-Gharbi,Oshnavyeh,99288,10.790000000000001,11.267894736842106,11.773684210526316,13.70421052631579,14.891578947368423,17.234736842105264,17.077894736842104,18.248947368421053,18.736315789473686,15.751052631578947,12.480526315789474,10.772631578947369,10.418845268767196,9.957519798778385,10.636995448780588,10.35687890160214,9.24675318236607,4.814539249332276,3.5621549886464225,3.2303748283008122,4.840285938073632,9.20398378194102,9.60460571823732,9.983305478136913,-0.7278947368421053,2.2426315789473685,6.764736842105263,11.33736842105263,15.356842105263157,20.203684210526315,23.493684210526315,23.152631578947368,19.106315789473683,13.328947368421053,6.765263157894736,1.668421052631579,4.687368421052632,7.8715789473684215,12.653157894736841,18.186315789473685,22.801578947368423,28.816315789473684,32.03421052631579,32.27842105263158,28.473684210526315,21.20263157894737,13.008947368421053,7.047894736842105,-6.102631578947369,-3.396315789473684,0.8794736842105264,4.482105263157894,7.909999999999999,11.581578947368422,14.956315789473685,14.029473684210526,9.737368421052631,5.451578947368421,0.5284210526315789,-3.724736842105263,37.06,45.14,1415.9,11.15298245614035,22.28333333333333,13.066842105263158,1.0610526315789475,11.891052631578946,14.588957685453334,5.7540362335110125,12.117162540532693,14.601820002049362,20.15545521974814,13.456491228070178,17.52052631578947,15.655964912280703,10.943508771929823,14.394122807017544,3,0,POINT (45.14 37.06)
199,OITR,Azarbayjan-E-Gharbi,Piranshahr,40724,7.804,8.29,9.041500000000001,10.7495,11.849,14.080499999999997,14.0595,14.732500000000002,14.3555,12.317894736842108,9.453500000000002,8.2075,12.720565188551642,13.029616893032491,13.397021689015554,12.198324593005733,9.816624565963064,5.088426916895958,2.277923625182007,3.5263320083827234,4.816120567762624,9.783513861493773,11.736380779827524,11.924643514637562,0.22399999999999998,2.675,7.769500000000001,12.820500000000001,17.479499999999998,23.0435,26.5945,26.385,22.21,15.718947368421054,8.4645,3.134,4.117,6.813,12.294,18.203,23.4045,30.083499999999997,33.622,33.7515,29.3875,21.877368421052633,13.196000000000002,7.239,-3.687,-1.4769999999999999,3.2525,7.4535,11.555499999999999,16.003,19.5625,19.019,15.032,9.559473684210525,3.7424999999999997,-0.9685,36.7,45.15,1443.5,12.689833333333334,25.341000000000005,15.464482456140352,2.0109999999999997,13.87657894736842,17.286483031956074,5.722757077950689,13.863919676928322,18.136868168420225,24.092134276449592,10.546666666666667,14.290833333333333,12.042298245614035,8.100499999999998,11.245074561403507,0,0,POINT (45.15 36.7)
200,OITR,Azarbayjan-E-Gharbi,Qarahziyaaddin,99214,7.655,8.7015,9.797,10.693,11.303499999999998,12.748999999999999,12.655999999999999,12.933999999999997,12.380500000000001,10.255500000000001,8.593,7.261,7.5563751834145805,7.432037865138314,8.621103750223558,9.888767316511466,10.397459931939352,8.358726101841711,6.885624344464,5.176247686277716,6.124438376936952,8.008428616683943,7.623209290140993,6.800346003155332,-1.905,1.7555,7.8255,13.383500000000002,18.074,23.9755,27.222,27.2505,22.4165,15.321000000000002,7.6865,1.4725000000000001,1.9395,6.148,12.7405,18.73,23.729499999999998,30.349,33.5505,33.708999999999996,28.6065,20.4495,11.9915,5.1045,-5.7155000000000005,-2.5535,2.9435,8.037,12.426,17.6,20.8945,20.775,16.226,10.193999999999999,3.3985,-2.1565000000000003,38.91,45.01,1170.9,13.094333333333333,26.149333333333335,15.141333333333334,0.44100000000000006,13.706499999999998,13.979203817659116,10.16125245477155,10.58613947261965,10.496446265246904,18.295283803628255,10.597833333333334,12.779666666666666,10.409666666666668,7.8725,10.414916666666667,0,0,POINT (45.01 38.91)
201,OITR,Azarbayjan-E-Gharbi,Salmas,40722,10.148500000000002,10.8535,11.9225,12.9305,13.754499999999997,15.599499999999997,15.021999999999998,15.488499999999998,15.376000000000003,13.322500000000002,10.891,9.697500000000002,6.530976404677414,6.88962945366482,7.960587399730432,9.53955804318666,9.545597963900267,7.210799123748725,4.807482542642719,5.287784850904577,5.703045463956158,7.688722457456574,7.409034497510106,6.301956224621775,-2.3405,0.8355,6.43,11.698,16.1035,21.732499999999998,25.0835,24.578,19.9175,13.235,6.062,0.355,2.7335000000000003,6.262,12.392,18.1555,22.988999999999997,29.532999999999998,32.5935,32.3215,27.604000000000003,19.8945,11.5075,5.2045,-7.415000000000001,-4.5915,0.4694999999999999,5.225,9.2345,13.9335,17.5715,16.833000000000002,12.228,6.572,0.6164999999999999,-4.493,38.22,44.85,1339.3,11.410499999999999,23.798000000000002,13.0715,-0.3833333333333333,11.974166666666669,13.088897611116456,8.590226864375477,10.153401433866994,9.494475088517856,16.84387623921092,12.869166666666667,15.37,13.1965,10.233166666666667,12.917208333333333,3,0,POINT (44.85 38.22)
202,OITR,Azarbayjan-E-Gharbi,Sardasht,40725,5.3585,6.128500000000001,6.810499999999999,8.0575,8.748000000000001,9.962,10.4525,10.537999999999997,9.848999999999997,8.340526315789473,6.334,5.6895,13.9078643625136,14.083682479896837,14.122329356470658,12.566050373126593,9.452356102796013,4.249157849283875,3.1048138874360536,2.9776111059076547,3.853221568445548,9.397720890038434,12.22858120275891,13.157800650555302,1.0050000000000001,2.926,7.358499999999999,12.748999999999999,17.982499999999998,24.316499999999998,27.877,27.8975,23.478,16.683684210526316,8.688500000000001,3.8385,3.6855,5.961,10.7775,16.7765,22.3645,29.299,33.1045,33.166,28.407999999999998,20.84842105263158,11.8545,6.683,-1.673,-0.16750000000000004,3.967,8.719,13.616499999999998,19.337,22.652,22.628,18.559,12.507894736842106,5.5205,0.9935,36.15,45.48,1556.8,12.696666666666665,26.697000000000003,16.28339473684211,2.5898333333333334,14.566723684210528,17.805887460374322,5.105108299595177,13.951926952972702,19.799377594964284,25.332044986805023,7.872,10.317499999999999,8.174508771929824,5.7255,8.022377192982455,0,0,POINT (45.48 36.15)
203,OITR,Azarbayjan-E-Gharbi,Takab,40728,10.482,10.364999999999998,11.659,13.485,15.216000000000001,19.2195,18.429499999999997,18.3945,18.7125,15.882,11.4025,10.568000000000001,8.36663827195928,8.888711859900281,9.71664693796356,10.106658355043447,8.927734047181492,4.304556194618479,4.644372117609937,4.062558184570995,3.920514301533923,7.900913209606266,9.42511767331921,8.367733356765298,-3.0275000000000003,-0.767,4.5424999999999995,9.2865,13.788999999999998,19.103,23.412,22.891,18.158,11.699,4.829,-0.04899999999999995,2.2359999999999998,4.419,10.364,16.029,21.3975,28.7135,32.6275,32.087,27.502999999999997,19.663,10.528,5.235,-8.246,-5.946,-1.295,2.544,6.1815,9.494,14.197999999999999,13.6925,8.7905,3.781,-0.8744999999999999,-5.333,36.39,47.1,1817.2,9.206,21.802000000000003,11.562,-1.2811666666666668,10.322208333333332,13.857916642436344,6.274220682781847,11.162143659672395,12.328560770095981,18.344080383850496,13.453333333333333,18.681166666666666,15.332333333333333,10.471666666666666,14.484625000000001,3,0,POINT (47.1 36.39)
204,OITT,Azarbayjan-E-Sharghi,Ahar,40704,9.0675,9.439,11.1195,12.462499999999999,13.357000000000003,14.629999999999999,13.116499999999998,13.780500000000002,13.098500000000001,12.2655,10.4745,9.605,7.541752319706607,7.347497875692909,8.478747367484912,9.444589719667185,10.026330609052568,7.176336924648996,5.712254337473324,5.233584402017135,5.845792869607337,8.00213484691957,7.5340085192906665,7.14291276147168,0.10599999999999998,1.8210000000000002,6.452500000000001,11.242,15.759,20.441499999999998,22.7825,22.3665,18.808,13.3345,6.983,2.7239999999999998,4.6405,6.547499999999999,12.015,17.47,22.436500000000002,27.752499999999998,29.3315,29.2555,25.352,19.4595,12.237,7.526000000000001,-4.4270000000000005,-2.8914999999999997,0.8955,5.0075,9.0795,13.122499999999999,16.215,15.475,12.253499999999999,7.194,1.7625,-2.079,38.43,47.07,1391.0,11.151166666666668,21.8635,13.041833333333331,1.5503333333333333,11.901708333333332,13.499149466305639,8.876163968212815,10.44588942669008,10.597163118843536,17.640083829555874,12.313000000000002,13.842333333333334,11.946166666666668,9.3705,11.868,3,0,POINT (47.07 38.43)
205,OITT,Azarbayjan-E-Sharghi,Bonab,99239,9.952,10.5565,11.661999999999999,12.8935,14.177999999999999,15.656499999999998,14.598499999999998,14.755500000000001,15.641499999999999,14.683999999999997,11.745789473684209,10.24157894736842,7.8555858386584205,8.422924905795922,8.816575165345212,9.670210089519317,8.134648104810744,4.920199828841437,2.0527624863164835,3.169833704419156,4.231360120902453,8.28586164168036,8.266053833631117,7.544622868960902,-0.04300000000000006,3.0335,8.0475,13.25,18.1135,23.976499999999998,27.823,27.5375,22.5235,15.0935,7.6000000000000005,2.3552631578947367,4.9335,8.308,13.879499999999998,19.7,25.203,31.805,35.1245,34.917,30.343,22.435499999999998,13.461052631578946,7.463157894736843,-5.0184999999999995,-2.2485,2.2175000000000002,6.8065,11.025,16.148500000000002,20.526,20.1615,14.701500000000001,7.7515,1.715263157894737,-2.778421052631579,37.37,46.05,1281.0,13.137,26.445666666666664,15.072333333333333,1.781921052631579,14.109230263157896,12.862273848597804,5.424420715822267,10.654348845143438,11.47705570225899,17.109717126871438,12.911166666666666,15.003499999999997,14.023763157894734,10.250026315789475,13.047114035087716,3,0,POINT (46.05 37.37)
206,OITT,Azarbayjan-E-Sharghi,Bostanabad,99248,10.91,10.897894736842105,10.679473684210526,12.347894736842107,13.836842105263159,16.955263157894734,16.96,17.671052631578952,16.841052631578947,14.09,11.17736842105263,10.288421052631579,7.714684968558192,8.54714289589388,8.84764106641921,9.655859238908054,9.328559066178615,6.978642385308952,6.06213215609216,5.3667133894230075,6.310003424073662,8.48504868755606,8.167359837502827,7.381974633366157,-4.275789473684211,-1.4994736842105263,4.44,9.708421052631579,14.228947368421053,19.216842105263158,22.408947368421053,21.997894736842103,17.938947368421054,11.543684210526315,4.451578947368421,-1.26,1.2510526315789474,3.961578947368421,9.787368421052632,15.86684210526316,21.147368421052633,27.692631578947367,30.890526315789472,30.83263157894737,26.359473684210524,18.591578947368422,10.053684210526315,3.9115789473684206,-9.658947368421053,-6.936315789473684,-0.8921052631578947,3.5189473684210526,7.310526315789474,10.737368421052631,13.930526315789473,13.16157894736842,9.51842105263158,4.501578947368421,-1.1236842105263158,-6.376842105263158,37.85,46.84,1736.0,9.459122807017545,21.207894736842103,11.31140350877193,-2.3450877192982458,9.908333333333331,13.397318836853259,8.951259146837494,11.205343963383417,11.410956942693858,18.18597317162308,12.288070175438598,17.19543859649123,14.036140350877192,10.698771929824561,13.554605263157896,3,0,POINT (46.84 37.85)
207,OITT,Azarbayjan-E-Sharghi,Jolfa,40702,9.592500000000001,10.7785,12.4955,13.318000000000003,13.518500000000001,13.537000000000003,11.903499999999998,12.4695,13.2075,13.101499999999998,11.675999999999998,9.3075,6.581844809361775,6.25655844880596,7.904649295526957,8.928737642620032,8.92388483949691,7.432641296192918,5.977135199722646,5.113663221707045,5.679375551268457,7.168237141555249,6.693660000917159,6.503351328993629,-0.49049999999999994,3.7714999999999996,10.108,15.874500000000001,21.0465,27.094,29.9355,29.792,24.777,17.2415,9.358,2.9579999999999997,4.324,9.199,16.3615,22.526500000000002,27.7935,33.861000000000004,35.8805,36.0235,31.379,23.793,15.200999999999999,7.6095,-5.2685,-1.5795,3.8659999999999997,9.208499999999999,14.275,20.324,23.977,23.554,18.1715,10.691500000000001,3.525,-1.698,38.93,45.61,736.2,15.676333333333334,28.9405,17.125500000000002,2.0796666666666663,15.9555,12.421135477380274,9.117271870464492,9.477991527363155,9.30282413171037,16.300041401528325,13.110666666666669,12.636666666666665,12.661666666666667,9.892833333333334,12.075458333333332,3,0,POINT (45.61 38.93)
208,OITT,Azarbayjan-E-Sharghi,Kalibar,40711,8.118500000000001,7.9625,8.93,9.204,9.355,10.772,10.607499999999998,10.613499999999998,8.838999999999999,7.786,7.575,7.778499999999999,8.164410501752007,8.338160758531478,9.681496592592307,9.95277735318101,11.541851288967365,9.033537423014174,6.756089611967845,6.484459918082776,7.670579812893744,9.032311838608972,8.02699215882723,7.440778043271424,2.7824999999999998,3.5424999999999995,7.247,11.758500000000002,16.3705,21.154500000000002,23.3065,23.064,18.737000000000002,13.509,8.083,4.7945,6.886,7.5585,11.7555,16.378,21.049,26.532,28.589499999999997,28.345999999999997,23.1515,17.3875,11.897,8.7205,-1.2325,-0.4040000000000001,2.8255000000000003,7.1739999999999995,11.693999999999999,15.76,17.982,17.732499999999998,14.3125,9.6015,4.322,0.942,38.87,47.02,1180.0,11.792000000000002,22.508333333333336,13.443,3.7064999999999997,12.86245833333333,15.082361756518885,10.96468010115152,11.947455443464563,11.537721126278639,19.99200513786815,9.163,10.664333333333333,8.066666666666666,7.953166666666667,8.961791666666667,0,0,POINT (47.02 38.87)
209,OITT,Azarbayjan-E-Sharghi,Maragheh-Synoptic,40713,9.297,9.895999999999999,10.944500000000001,12.0295,13.1115,14.262500000000003,13.716500000000003,13.732499999999998,13.768999999999998,12.298000000000002,10.132000000000001,9.1745,7.824729752121854,8.293961834712785,8.640345850924824,9.6537136592183,7.9051293932705065,4.364696843474819,2.369284502156768,1.9522000153370151,4.6717178865744255,8.009935572109214,8.481574852876095,7.630143443622103,0.5790000000000001,3.367,8.32,13.469,18.3665,24.437,28.0805,27.858999999999998,23.2655,16.208000000000002,8.4925,2.9855,5.2589999999999995,8.318999999999999,13.799000000000001,19.4845,24.923,31.567,34.9425,34.723,30.144,22.3545,13.5525,7.5655,-4.038,-1.577,2.8545000000000003,7.455,11.811499999999999,17.304499999999997,21.226,20.9905,16.375,10.0565,3.4204999999999997,-1.609,37.35,46.15,1344.0,13.385166666666668,26.792166666666663,15.988666666666667,2.3104999999999998,14.619124999999999,12.679998275101187,4.701010798141175,10.702814643708228,11.431451060079052,16.94150599905951,12.028500000000001,13.903833333333333,12.066333333333333,9.455833333333333,11.863624999999999,3,0,POINT (46.15 37.35)
210,OITT,Azarbayjan-E-Sharghi,Marand,99220,6.9,7.3845,8.0615,8.866999999999999,9.73,10.979000000000003,11.168,10.929499999999997,10.206999999999997,8.471000000000002,6.7364999999999995,6.295999999999999,9.042474131581958,9.213928178400192,10.961962282071749,10.466225566401876,9.872788587758357,7.036476262553461,6.154945676931195,5.585442632656185,6.185327775398026,8.02357628492846,8.774132023464482,8.55120191030663,-1.6045000000000003,1.183,6.5569999999999995,12.133,16.921,22.91,25.9575,26.152499999999996,21.6305,14.5515,6.961499999999999,1.1885,1.85,4.875,10.5875,16.569,21.7805,28.410000000000004,31.5565,31.619999999999997,26.738999999999997,18.792,10.34,4.3465,-5.05,-2.5095,2.526,7.702,12.0505,17.431,20.3885,20.6905,16.532,10.321,3.6035000000000004,-1.9495,38.38,45.77,1550.0,11.870333333333333,25.006666666666664,14.381166666666667,0.25566666666666654,12.878458333333334,15.075251479312296,9.109003687789528,11.26271155752119,12.900402607469392,19.795763131128815,8.886166666666666,11.0255,8.471499999999999,6.860166666666667,8.810833333333333,0,0,POINT (45.77 38.38)
211,OITT,Azarbayjan-E-Sharghi,Mianeh,40716,9.6765,10.890999999999998,12.995500000000002,14.2035,15.130500000000003,16.7015,15.941000000000003,16.177,16.022,14.199,11.345500000000001,9.9625,7.6709197153984165,8.476335562209975,8.56294676838394,9.317283925524446,9.161408922438579,5.7804933268261935,3.7525020339527217,4.122266324672987,4.950987797289329,7.464543755885019,8.207290759444753,7.836851696479089,-0.28550000000000003,3.3755,9.254999999999999,14.517500000000002,19.601499999999998,25.601999999999997,28.439999999999998,27.961000000000002,23.7605,16.5895,8.449,2.7475,4.546,8.818999999999999,15.761500000000002,21.6185,27.166000000000004,33.951,36.411,36.049,31.77,23.6815,14.127,7.766,-5.1305,-2.072,2.766,7.415000000000001,12.0355,17.2495,20.47,19.872,15.748,9.4825,2.7815,-2.1965,37.42,47.73,1110.0,14.457999999999998,27.334333333333333,16.266333333333332,1.9458333333333335,15.001125000000002,13.017038801860547,6.811571991538528,10.291802318816785,11.552251205649382,17.272997401970322,14.109833333333334,16.273166666666665,13.8555,10.176666666666668,13.603791666666668,3,0,POINT (47.73 37.42)
212,OITT,Azarbayjan-E-Sharghi,Sahand,40707,6.601,7.183,8.3585,9.288,10.208500000000003,11.727,12.2285,11.996500000000001,10.934499999999996,8.856000000000002,6.977500000000001,6.212,7.025620399188432,7.520182676262548,8.05447200822065,9.315824601590174,8.60164021356514,5.027449034349841,4.0424642679011455,4.12657729701839,4.699200105309906,7.378363877676039,7.03196267673293,7.302332400383477,-1.384,1.335,6.5665000000000004,11.9,16.862000000000002,22.710500000000003,25.617,25.544,21.436,14.659,6.7635000000000005,1.224,1.9615000000000002,4.992,10.747499999999999,16.561,21.975,28.567,31.73,31.5365,26.895999999999997,19.0545,10.262,4.343999999999999,-4.6395,-2.191,2.3890000000000002,7.273000000000001,11.766499999999999,16.84,19.5015,19.54,15.961500000000001,10.1985,3.2845,-1.8679999999999999,37.92,46.16,1641.0,11.776166666666668,24.623833333333334,14.286166666666666,0.39166666666666666,12.769458333333331,12.530421900572758,6.410205073093136,9.48444360748383,10.511582079795303,16.192276458518023,9.285000000000002,11.984,8.922666666666666,6.665333333333333,9.21425,0,0,POINT (46.16 37.92)
213,OITT,Azarbayjan-E-Sharghi,Sarab,40710,12.9075,11.362499999999999,12.517499999999998,14.329500000000003,15.348500000000001,17.717000000000002,17.117000000000004,18.262999999999998,18.597500000000004,16.144,12.9045,12.2785,6.722697211868654,7.268229984704815,7.460533423608224,9.276946019938958,9.267214110013441,6.890823058856672,5.8943544579428035,5.537050131012672,5.56947679042543,7.96300628010275,7.237051799636475,6.436864077692719,-4.7535,-1.193,4.481,9.3265,13.8305,18.375999999999998,21.0895,20.848,17.073,11.0495,4.186999999999999,-1.4369999999999998,1.7295000000000003,4.5009999999999994,10.756499999999999,16.487000000000002,21.506,27.235000000000003,29.648000000000003,29.976999999999997,26.373,19.116999999999997,10.6615,4.7284999999999995,-11.178,-6.8614999999999995,-1.761,2.1574999999999998,6.1575,9.518,12.531,11.714,7.775499999999999,2.973,-2.243,-7.55,37.94,47.51,1682.0,9.212666666666665,20.104499999999998,10.769833333333333,-2.4611666666666667,9.406458333333333,12.619169611234273,8.886433059990159,10.185632726380891,9.845938700352022,16.77736227239091,14.065166666666668,17.699,15.882,12.182833333333333,14.957250000000002,3,0,POINT (47.51 37.94)
214,OITT,Azarbayjan-E-Sharghi,Tabriz,40706,9.19,9.712499999999999,10.888000000000002,11.910499999999999,12.710999999999999,13.746499999999997,13.389500000000005,13.459,13.783000000000001,12.4135,10.2835,9.0325,7.817209427222027,7.843142482431157,8.64266700073787,9.688710428011577,9.004483362943265,5.721739083572098,4.863085081911178,4.766608526738548,5.0373207393925234,7.497954998001813,7.745144374315022,7.788136688564093,-0.8119999999999999,2.307,7.5435,12.898,17.929,24.093,27.55,27.413,22.5205,15.254,7.460500000000001,1.7625,3.7935000000000003,7.153499999999999,12.986500000000001,18.852,24.2825,30.9655,34.242000000000004,34.143,29.410500000000003,21.455000000000002,12.602,6.288,-5.3965,-2.559,2.0985,6.9415000000000004,11.5715,17.219,20.8525,20.684,15.627500000000001,9.041500000000001,2.3185,-2.7445,38.12,46.23,1361.0,12.790166666666664,26.352,15.078333333333333,1.0858333333333332,13.826583333333332,13.171591029560377,7.432761970646747,10.04631846210144,11.272950678257802,17.26046414038573,11.836500000000001,13.531666666666666,12.160000000000002,9.311666666666666,11.709958333333333,3,0,POINT (46.23 38.12)
215,OITZ,Zanjan,Abbar,99298,8.751999999999999,9.245500000000002,10.816499999999998,11.723499999999998,12.755500000000001,13.1845,12.327499999999997,12.6615,12.506000000000004,10.790000000000001,8.7395,8.203000000000001,7.737023027920328,8.43095157196364,8.860906680410476,9.346489383331988,8.252322578398791,4.8893005469095865,4.398208637176349,3.951284098879452,3.720990987380092,7.20797726939871,8.240067630701393,7.726875223339434,6.7655,8.408,12.711,17.247,22.9435,27.735500000000002,29.015499999999996,28.952499999999997,25.191,19.558500000000002,12.867500000000001,8.6115,11.0145,12.839500000000001,17.762999999999998,22.5995,28.6595,33.46,34.5325,34.7425,31.141000000000002,24.7315,17.142,12.6795,2.2625,3.594,6.9465,10.876000000000001,15.904,20.2755,22.205000000000002,22.081,18.634999999999998,13.9415,8.4025,4.4765,36.93,48.94,624.7,17.63383333333333,28.56783333333333,19.205666666666666,7.928333333333332,18.333916666666667,12.753112145587878,6.412232464294509,9.951431155301247,11.507266988535639,16.923648370192836,11.765166666666666,12.724499999999999,10.678500000000001,8.7335,10.975416666666668,0,1,POINT (48.94 36.93)
216,OITZ,Zanjan,Khodabandeh,40733,8.2895,8.567499999999999,9.9285,11.0745,12.0015,14.4675,14.564999999999998,14.308999999999997,13.6845,11.661,8.827,8.178,8.900340852998081,9.916742068803444,10.30886220021197,10.851644508532246,8.709137359023204,5.8485227721097175,4.987703115452128,4.6590067080487145,3.5869382626397828,8.177441467629077,9.95008459310419,9.447652991604997,-2.0945,-0.15450000000000003,5.4865,10.605,15.530000000000001,21.656,24.7035,24.0115,20.2305,13.4215,5.3035000000000005,0.6635,2.369,4.504,10.85,16.36,21.558,28.7515,32.1085,31.352999999999998,27.306,19.634,10.2195,5.1245,-5.9205,-4.0634999999999994,0.9215,5.2855,9.5565,14.284,17.5435,17.044,13.621500000000001,7.973000000000001,1.3925,-3.0535,36.14,48.59,1887.0,10.5405,23.456999999999997,12.985166666666666,-0.5285000000000001,11.613541666666668,14.476776140949447,7.520005847286837,11.642413106845673,13.614589303462836,19.627176655539763,11.0015,14.447166666666666,11.390833333333333,8.345,11.296124999999998,3,0,POINT (48.59 36.14)
217,OITZ,Zanjan,Khorramdareh,40730,9.607500000000002,9.715499999999999,11.5415,12.704,14.205499999999999,15.678999999999998,15.212000000000003,15.666500000000003,16.142000000000003,14.0865,10.5245,9.761999999999999,8.738570109956287,8.919822836272974,9.06029474681379,9.70314136396119,8.708302287433611,5.064887610235305,3.86998657928563,4.376040568813547,3.673687192091328,7.7773504678317185,9.328559066178615,7.9654236918261425,0.0955,2.2495000000000003,7.5760000000000005,12.391,17.2985,22.5855,24.85,23.9975,20.317,13.937999999999999,6.699,2.1315,5.4545,7.6095,13.854499999999998,19.0775,24.549,30.476,32.7595,32.1865,28.741000000000003,21.554,12.689,7.779999999999999,-4.1530000000000005,-2.106,2.3129999999999997,6.3735,10.3435,14.797,17.5475,16.52,12.599,7.467499999999999,2.1645,-1.982,36.2,49.21,1575.0,12.421833333333334,23.811000000000003,13.651333333333332,1.4921666666666666,12.844083333333332,13.23383575313462,6.476761197094273,11.00220341535264,12.347217543155914,17.970703371763445,12.817,15.519166666666669,13.584333333333333,9.695,12.903875,3,0,POINT (49.21 36.2)
218,OITZ,Zanjan,Mahneshan,40715,9.5275,10.453,12.0415,13.367499999999996,14.747499999999999,16.8685,16.196999999999996,16.545499999999997,16.941499999999998,14.6965,11.206500000000002,9.652999999999999,7.430891076098089,8.535720496418696,8.43353000247853,9.427406060873153,8.65349742184445,5.923282511211472,4.734557421073555,3.695294724968769,4.155153997100667,7.01188457290375,8.409277353813781,7.707284947914864,0.807,3.9515000000000002,9.879,15.1505,20.336,26.3125,28.8705,28.2235,23.939500000000002,16.612000000000002,8.4675,3.4869999999999997,5.5969999999999995,9.1335,15.616,21.369999999999997,26.8815,33.5835,36.297,35.7835,31.664499999999997,23.6365,14.040000000000001,8.45,-3.9305,-1.3195000000000001,3.5744999999999996,8.002500000000001,12.134,16.715,20.1,19.238,14.722999999999999,8.940000000000001,2.8335,-1.203,36.74,47.68,1284.5,15.121833333333333,27.802166666666665,16.33966666666667,2.7485,15.503041666666666,12.776658307022155,7.142716759145719,10.037062467649214,11.421775349346397,17.044083968990723,13.385499999999999,16.537,14.2815,9.877833333333333,13.52045833333333,3,0,POINT (47.68 36.74)
219,OITZ,Zanjan,Zanjan,40729,11.224499999999999,11.1225,12.6645,14.1145,15.696,18.145999999999997,17.284000000000002,17.982499999999998,18.2915,15.585999999999999,12.137500000000001,11.4085,7.8383710866854965,8.558898888848224,9.202055306399924,9.981599496246213,9.161369207299197,5.728552742296429,5.632380435518699,4.055477018001904,3.86642223319412,7.334012792874739,8.712915155385598,8.21371885547257,-1.0195,1.3775,6.526000000000001,11.51,16.293,21.892000000000003,24.7745,24.0475,19.72,13.172,5.911,1.2605,5.1975,7.5015,13.293000000000001,18.7945,24.1145,30.452499999999997,33.204,32.9285,29.125999999999998,21.644,12.821000000000002,7.81,-6.026999999999999,-3.621,0.6285000000000001,4.68,8.4185,12.3065,15.919999999999998,14.946000000000002,10.8345,6.058,0.6835,-3.5985,36.66,48.52,1659.4,11.443,23.57133333333333,12.934333333333333,0.5395,12.122041666666668,13.64877956054318,7.56750903268752,10.365541774507989,11.846921286520644,17.917752328900676,14.158333333333333,17.804166666666664,15.338333333333333,11.251833333333332,14.638166666666669,3,0,POINT (48.52 36.66)
220,OIYY,Yazd,Abarkuh,99539,13.830999999999998,13.9155,14.5325,14.364499999999996,14.878,15.981999999999996,15.767499999999998,16.096999999999994,16.506,15.414999999999996,13.567,13.767499999999998,5.031534036148811,5.5753808717784885,5.724181661919408,5.574951905582272,4.719640162168492,1.6534058818899289,3.5679249449647825,0.8434326653017492,1.006622709560113,2.315211088701086,5.643286986277616,4.849232882534091,6.583499999999999,9.7455,14.885,19.803,25.467,31.1915,32.976,30.743000000000002,27.121499999999997,20.904,12.776,7.981,12.970499999999998,16.049,21.204,25.857999999999997,31.457,37.3505,39.198,37.253499999999995,33.9505,27.577999999999996,19.053,14.447999999999999,-0.8605,2.1335,6.6715,11.493500000000001,16.579,21.3685,23.430500000000002,21.1565,17.444499999999998,12.163,5.486,0.6805000000000001,31.12,53.23,1523.8,20.051666666666666,31.63683333333334,20.267166666666665,8.103333333333333,20.01475,7.752638712987207,3.6972465514111725,5.7804933268261935,7.4573580142892615,10.398477341181724,14.591666666666667,15.948833333333331,15.162666666666667,13.838,14.885291666666665,2,1,POINT (53.23 31.12)
221,OIYY,Yazd,Aqda,40804,11.165,11.572499999999998,12.225999999999999,12.311999999999998,12.731000000000002,13.392499999999995,13.399000000000001,13.471499999999999,13.689500000000002,12.7725,11.145500000000002,10.928999999999998,6.1409234429685755,5.701712832943998,5.6896910207466584,5.531826495712794,5.137137600901421,1.447041132318426,2.2239800905693157,0.6694329500821695,0.7547842314287575,2.172240742884306,5.759367214436224,5.665493798013679,8.128,11.3515,17.4745,22.6355,28.413999999999998,33.864999999999995,35.546,33.3335,29.869999999999997,23.341,14.6465,9.6135,13.294999999999998,16.563499999999998,22.819,27.821499999999997,33.607,39.077,40.8295,38.7335,35.4615,28.8245,19.765,14.6885,2.13,4.991,10.593,15.5095,20.875999999999998,25.684500000000003,27.430500000000002,25.262,21.772,16.052,8.619499999999999,3.7595,32.44,53.64,1150.0,22.841333333333335,34.24816666666667,22.61916666666667,9.697666666666668,22.351583333333334,7.878583235375578,2.428932225190075,5.8647520152370785,8.42865309560957,10.92477600617366,12.423,13.420999999999998,12.535833333333334,11.222166666666666,12.400500000000001,2,1,POINT (53.64 32.44)
222,OIYY,Yazd,Bafq,40820,15.005,15.299999999999997,15.799999999999997,16.108,16.958,18.643000000000004,18.450499999999998,18.97842105263158,19.774,18.236000000000004,15.593499999999999,15.4435,5.333641475251817,4.440872593154591,4.875597121685633,5.326131773219636,3.831774203160639,0.21544346900318836,2.025506655726651,0.21544346900318836,1.062658569182611,1.9949874476548093,4.409552250138233,4.738272082888841,9.244,12.586,18.301499999999997,23.5715,29.131999999999998,34.198,35.5375,32.80736842105264,29.226499999999998,23.16,15.2285,10.3415,16.9615,20.247999999999998,25.920499999999997,30.929000000000002,36.4955,41.785000000000004,43.18,40.92,37.994,31.860000000000003,23.288999999999998,18.3975,1.9564999999999997,4.9479999999999995,10.1205,14.821000000000002,19.5375,23.142,24.7295,21.94157894736842,18.22,13.624,7.6955,2.9539999999999997,31.63,55.42,991.3,23.668333333333333,34.18095614035088,22.53833333333333,10.723833333333333,22.777864035087717,6.862981757878507,2.027130309051751,4.560980603720899,7.018251689201284,9.174179332487327,16.288666666666668,18.690640350877196,17.867833333333333,15.2495,17.0241600877193,2,1,POINT (55.42 31.63)
223,OIYY,Yazd,Gariz,40816,14.399,14.1545,15.34,15.210500000000003,16.2445,16.764000000000003,15.584000000000003,16.401,17.703,17.0525,14.773000000000001,15.036999999999999,6.149397345489396,6.666094395321677,7.332029152831301,6.887662613653143,4.7404980872014875,2.7053392289952405,3.535689263795015,1.6147081300231128,2.5509544037344103,3.938647100068679,7.053602102704216,5.841497864366442,3.6740000000000004,6.2885,10.903,15.959999999999999,21.5835,27.4675,29.29,27.0365,23.4215,17.234,9.6535,5.3155,9.7205,11.932500000000001,16.7775,21.589000000000002,27.287,32.9585,34.6255,32.7875,29.912,23.801,15.836500000000001,11.837,-4.6785,-2.222,1.4375,6.3785,11.0425,16.194499999999998,19.0415,16.3865,12.209,6.7485,1.0635,-3.2,31.31,54.1,2100.0,16.148833333333332,27.93133333333333,16.76966666666667,5.092666666666666,16.485625,9.38812443282897,4.085852487821015,7.539876495149764,8.996253584735165,12.708255116124043,15.598333333333334,16.24966666666667,16.5095,14.530166666666666,15.721916666666667,2,1,POINT (54.1 31.31)
224,OIYY,Yazd,Harat,99574,12.962499999999999,13.051499999999999,13.893,13.980999999999998,15.132000000000001,15.940999999999995,15.372500000000002,15.558499999999999,16.4935,15.805500000000002,13.86,13.641,6.263448375170916,7.103298077612221,6.598729476892542,6.337261336773894,4.519422224944841,0.0,4.010596901627891,2.6730748660601886,1.6631034988407658,2.2239800905693157,5.843548540816267,4.9708976054361935,7.980499999999999,10.692499999999999,15.328,20.199,25.801,31.2815,32.823,30.491000000000003,27.091,21.241999999999997,13.824000000000002,9.422,13.788499999999999,16.4075,21.1475,25.807,31.538,36.9815,38.551,36.43,33.579,27.748,19.973,15.5615,0.826,3.3560000000000003,7.2545,11.826,16.406,21.0405,23.1785,20.8715,17.0855,11.942499999999999,6.1129999999999995,1.9204999999999999,30.02,54.38,1633.0,20.442666666666668,31.531833333333335,20.718999999999998,9.365,20.514625000000002,8.591401176265274,4.37273079601278,5.992026445468943,8.991597095290185,11.840148601129819,14.335333333333333,15.624,15.386333333333335,13.218333333333332,14.640999999999998,2,1,POINT (54.38 30.02)
225,OIYY,Yazd,Marvast,40840,15.3565,15.1115,16.3035,16.4255,17.6615,18.9065,18.037999999999997,18.244999999999997,19.581999999999997,18.7855,16.1895,15.921000000000001,5.085979690491542,5.8376856407818245,5.291358887038969,6.146575307016857,4.342891459463698,1.491807185178328,3.588492058919298,1.220929149746794,1.6509636244473134,2.7815108327526694,5.5718399245448555,4.684967817549262,7.1275,9.9475,14.6505,19.5365,25.09,30.761000000000003,32.398,30.1045,26.285500000000003,20.187,12.7345,8.2775,14.0825,16.72,21.516,26.252499999999998,31.923000000000002,37.646,39.2275,37.169,34.227,28.233999999999998,20.1675,15.767500000000002,-1.274,1.6085,5.2125,9.827,14.261500000000002,18.7395,21.189500000000002,18.924,14.645,9.4485,3.978,-0.1535,30.46,54.21,1547.0,19.759,31.087833333333336,19.73566666666667,8.450833333333334,19.758333333333336,7.732175477331664,3.716893772667759,5.838272460814002,7.567276198792807,10.46461254040025,16.796833333333336,18.3965,18.185666666666663,15.463000000000001,17.2105,2,1,POINT (54.21 30.46)
226,OIYY,Yazd,Mehriz,99528,11.547999999999998,11.808,12.424499999999998,12.331,12.531499999999998,13.097499999999997,12.784500000000005,12.998999999999999,13.737000000000002,13.2205,11.7105,11.753,5.500826322127818,5.509075924053299,5.504789216928613,5.685878658725674,4.2772186197174715,1.21644039911468,2.032792713629707,0.0,0.8879040017426006,2.345290098876836,5.989332898581759,4.978709471354151,7.680499999999999,10.485,15.877,20.8365,26.413,31.946500000000004,33.5385,31.3315,27.821499999999997,21.6275,13.5835,9.080499999999999,12.9165,15.7225,21.1255,25.8815,31.3755,36.799,38.493,36.3345,33.3055,27.171499999999998,18.8315,14.5405,1.3685,3.9144999999999994,8.701,13.5505,18.844,23.701500000000003,25.708499999999997,23.3355,19.5685,13.950999999999999,7.1209999999999996,2.7875,31.59,54.44,1520.0,21.04216666666667,32.272166666666664,21.010833333333334,9.081999999999999,20.851791666666664,7.541283451050148,2.168702885250197,6.113131257441599,7.702961698705195,10.399155503419497,12.428999999999997,12.960333333333333,12.889333333333335,11.702999999999998,12.495416666666666,2,1,POINT (54.44 31.59)
227,OIYY,Yazd,Meybod,99511,15.260499999999999,15.506499999999999,16.189,15.604999999999999,15.556000000000004,16.1995,16.0545,16.947499999999998,18.1665,17.36,15.3625,15.237,5.807995315029853,5.075779038681911,4.71019365927342,5.169146687756726,4.611063476978721,0.7368062997280774,1.7224249192959677,0.6694329500821695,0.7368062997280774,2.1216209271868487,5.54530078649845,5.195336054786077,7.111,10.589,16.668,21.945,27.7875,33.305,34.985,32.3585,28.462,21.97,13.536000000000001,8.370000000000001,13.940999999999999,17.31,23.319,28.258499999999998,33.7745,39.232,41.03,38.8155,35.6415,29.099,20.291,15.285,-1.3195000000000001,1.8035,7.13,12.6535,18.2185,23.0325,24.9755,21.868000000000002,17.475,11.739,4.9285,0.048,32.21,53.98,1108.0,22.133499999999998,33.549499999999995,21.322666666666667,8.69,21.42391666666666,6.984045295625073,1.7977337734992862,5.6511262014815244,7.757959218191908,9.979491301415223,15.783333333333333,16.4005,16.962999999999997,15.334666666666665,16.120375000000003,2,1,POINT (53.98 32.21)
228,OIYY,Yazd,Robat-E-Poshtebadam,40790,10.707,10.763,11.599,12.1195,12.842500000000001,13.576,12.976000000000006,13.639500000000002,14.186499999999999,12.828500000000002,10.998,10.664500000000002,6.867366734585898,6.854407804739738,6.6270849021323,6.66804415980174,4.488530462219142,1.8390637959457536,1.147252419915492,1.1186889420813966,1.218688907741976,3.3599097670401523,4.931190734218752,5.804435766447726,7.2965,9.916,15.928999999999998,21.232999999999997,26.912,31.9005,33.446000000000005,30.779500000000002,27.500999999999998,21.444,13.488499999999998,8.701,11.9595,14.596,20.8405,26.1475,31.808,36.795,38.334500000000006,35.9435,32.9815,26.634500000000003,18.211,13.333000000000002,1.2525,3.8329999999999997,9.241499999999998,14.028,18.9655,23.219,25.3585,22.304,18.794999999999998,13.806000000000001,7.212999999999999,2.6685,33.01,55.56,1188.0,21.357999999999993,32.042,20.811166666666665,8.637833333333333,20.712249999999997,8.784856876627222,2.0900512033119902,5.42487381756103,9.44088872940842,11.907177366380585,12.187,13.397166666666669,12.671,10.711500000000001,12.241666666666667,2,1,POINT (55.56 33.01)
229,OIYY,Yazd,Yazd,40821,12.7845,12.943000000000001,13.507,13.336999999999996,13.589999999999996,14.362999999999992,14.000000000000004,14.483499999999992,15.296,14.4545,12.8595,12.758,5.75665266546485,5.356857889603627,4.806328458267058,5.139283967136595,4.249342458827022,1.661897477026339,3.8742107306831777,0.27144176165949063,0.3684031498640387,2.215184214917088,5.300154261559629,5.082239903371969,7.218500000000001,10.393,16.057,21.1845,26.7685,32.2385,34.0295,31.5485,27.839,21.468,13.3105,8.497499999999999,14.1775,17.2845,22.9145,27.801499999999997,33.3625,38.921499999999995,40.629000000000005,38.434999999999995,35.315,28.889499999999998,20.289,15.572,1.393,4.3415,9.4075,14.464500000000001,19.7725,24.558500000000002,26.629,23.951500000000003,20.019,14.434999999999999,7.4295,2.814,31.9,54.28,1230.2,21.33666666666667,32.6055,20.8725,8.703000000000001,20.879416666666664,6.8647505676882385,3.9739980070076504,5.42668546806996,7.806612844814022,10.07224349754723,13.477999999999996,14.282166666666663,14.203333333333333,12.8285,13.697999999999999,2,1,POINT (54.28 31.9)
230,OIZH,Sistan Va Baluchestan,Chahbahar,40898,7.6035,6.9985000000000035,6.361999999999998,6.001999999999999,5.597500000000004,4.322000000000003,3.4939999999999998,3.6440000000000055,4.568499999999993,6.3629999999999995,7.795000000000002,8.262499999999996,9.007031541986048,6.312012019919678,7.120301611597223,5.846475584253459,0.5065797019100886,6.482636101684336,4.515829028787669,2.7117004800275977,1.9129311827723892,4.213786893258597,5.747181983984195,7.362409812656884,20.845,22.075,24.3395,27.4255,30.4625,31.448,30.623,29.5705,29.2755,28.3505,25.709500000000002,22.523500000000002,24.503,25.377000000000002,27.476499999999998,30.5645,33.3815,33.804,32.679,31.697000000000003,31.777499999999996,31.6085,29.603500000000004,26.589999999999996,16.8995,18.3785,21.1145,24.5625,27.784,29.482,29.185000000000002,28.052999999999997,27.209000000000003,25.2455,21.808500000000002,18.3275,25.28,60.65,8.0,27.409166666666664,30.547166666666666,27.778500000000005,21.8145,26.887333333333334,8.24727795106849,7.271383558567907,6.476443330944193,11.136777075004623,13.747761619101826,5.987166666666667,3.8200000000000025,6.242166666666665,7.6215,5.917708333333334,4,4,POINT (60.65 25.28)
231,OIZH,Sistan Va Baluchestan,Iranshahr,40879,13.245000000000003,13.3135,14.100999999999999,14.6155,14.946000000000005,14.331999999999997,13.167500000000004,14.153999999999996,15.149500000000003,15.101500000000001,14.508,14.413499999999999,7.89546286500466,7.375668808445595,6.865387116132622,6.066845115442218,3.8619575384225193,4.876017758140286,5.796708397868088,4.375518305940846,2.4836263286065225,3.7736871010059296,3.7072174678495458,5.222730866071112,14.66,18.0465,22.821,28.7305,34.2555,37.701499999999996,38.040499999999994,36.557,33.7455,28.630000000000003,21.652,16.1815,21.624000000000002,24.8815,29.8445,35.634,41.097500000000004,44.4745,44.694,43.4075,41.039,36.0955,29.113,23.7385,8.379,11.568,15.743500000000001,21.0185,26.1515,30.142500000000002,31.5265,29.253500000000003,25.889499999999998,20.994,14.605,9.325,27.23,60.72,591.1,28.602333333333334,37.433,28.00916666666667,16.296000000000003,27.585124999999994,8.455313348865024,7.334012792874739,4.93256115663714,10.1182299913872,12.916366463135006,14.554166666666669,13.884499999999997,14.919666666666666,13.657333333333334,14.253916666666667,1,3,POINT (60.72 27.23)
232,OIZH,Sistan Va Baluchestan,Khash,40870,13.5765,13.3475,13.912499999999998,14.631499999999999,15.036499999999997,14.890500000000003,14.951000000000004,15.688000000000006,16.761000000000003,16.402500000000003,15.266999999999998,15.5185,8.84402013392379,9.04854427507735,7.551994268734279,5.5941904036181125,4.587109468397236,4.8187059420989025,3.2607533356317493,3.3784099052913765,1.8767243396546078,3.572109584419426,5.07331959216468,5.86397661336181,9.1205,12.131,16.8855,22.297,27.377499999999998,30.8765,31.8205,29.9055,26.615499999999997,21.749000000000002,15.254,10.4665,15.959999999999999,18.774,23.4655,28.857499999999998,34.092,37.4975,38.536500000000004,36.992000000000004,34.334,29.511000000000003,22.848499999999998,18.3065,2.3835,5.4265,9.553,14.225999999999999,19.055500000000002,22.607,23.5855,21.304,17.573,13.108500000000001,7.5815,2.788,28.22,61.19,1427.0,22.186666666666667,30.867500000000003,21.206166666666665,10.572666666666667,21.208249999999996,8.888754048880479,5.6992509531764,5.6750318589037345,11.77893877905355,13.932395155702977,14.52683333333333,15.176500000000004,16.1435,14.147499999999999,14.998583333333334,2,1,POINT (61.19 28.22)
233,OIZH,Sistan Va Baluchestan,Mirjaveh,99608,14.836842105263159,14.907894736842106,14.934210526315788,14.818421052631582,15.016842105263162,14.94947368421052,14.656842105263156,15.52894736842105,17.03263157894737,16.756315789473682,15.80421052631579,15.615263157894738,5.770500233466521,5.32695417854467,5.131067570758557,4.531466695938904,3.257301139913888,1.8311452315744516,1.711115171495147,0.27144176165949063,0.9654893846056298,3.114122179299749,2.9794897254002883,3.1308742841059276,12.581052631578947,16.576315789473682,22.559473684210527,28.423684210526314,33.70105263157895,37.095789473684206,38.05368421052631,35.86684210526316,32.11105263157895,26.826842105263157,19.492631578947368,13.59578947368421,18.50526315789474,22.385263157894737,28.099999999999998,33.51631578947369,38.56315789473685,41.739999999999995,42.8678947368421,41.072631578947366,37.927894736842106,32.74526315789473,25.48578947368421,19.807894736842105,3.668421052631579,7.477368421052631,13.16578947368421,18.697894736842105,23.546315789473685,26.790526315789474,28.211052631578948,25.543684210526315,20.895263157894735,15.988947368421053,9.68157894736842,4.192631578947368,29.02,61.43,836.0,28.2280701754386,37.005438596491224,26.143508771929827,14.251052631578945,26.40701754385964,6.404521544399218,2.2353784390547453,3.8608397503605394,7.204832147214521,8.901897503931544,14.923157894736844,15.045087719298243,16.531052631578948,15.12,15.404824561403506,2,1,POINT (61.43 29.02)
234,OIZH,Sistan Va Baluchestan,Nikshahr,40895,11.99578947368421,12.326842105263157,13.25684210526316,13.921052631578949,14.471578947368418,13.487894736842104,12.623157894736842,12.697894736842105,13.361052631578943,13.487894736842104,12.89578947368421,12.902105263157894,8.58113767531471,8.443594225469646,7.491130255226228,5.833574593196239,5.540961399182386,5.3397275738084815,5.8611640610922535,4.975479949992993,4.477750252222849,5.445859998746776,5.152752479689763,6.190550989985647,18.923157894736843,21.64894736842105,26.007894736842104,31.593684210526316,36.53842105263158,37.264736842105265,35.61736842105263,34.49684210526316,33.75052631578947,31.36894736842105,25.727894736842103,20.983684210526317,23.669473684210526,26.49684210526316,31.070526315789476,36.68736842105263,41.78421052631579,42.78473684210526,41.39157894736842,40.17052631578947,39.38315789473684,36.66,30.722631578947368,26.105263157894736,11.673684210526316,14.170000000000002,17.813684210526315,22.766315789473683,27.31263157894737,29.296842105263156,28.76842105263158,27.472631578947368,26.022105263157897,23.172105263157892,17.826842105263157,13.203157894736842,26.23,60.2,510.0,31.38,35.79298245614035,30.282456140350874,20.51859649122807,29.493508771929825,9.240511331435098,7.812133209446417,7.294259576720458,11.373149076931321,14.620073096286426,13.883157894736842,12.936315789473683,13.248245614035085,12.408245614035087,13.118991228070174,1,3,POINT (60.2 26.23)
235,OIZH,Sistan Va Baluchestan,Saravan,40878,14.067000000000002,14.130000000000003,14.512,14.783500000000004,15.0745,14.643,14.119,14.747999999999998,16.2505,16.0385,15.5085,15.368,7.197825989723176,7.324083839026086,7.486494212277011,6.113488025487315,4.731879250941763,5.563344777643227,5.025338046447823,4.339707909299374,2.032792713629707,3.92614474297776,4.06457684735515,4.746867741064816,10.907,14.151500000000002,19.085,24.644,29.543,32.471999999999994,33.1385,31.71,28.418,23.5375,17.033,11.984,17.993000000000002,21.252000000000002,26.0565,31.436500000000002,36.326,39.2215,40.1165,38.6005,35.836,31.038999999999998,24.6095,19.7135,3.9259999999999997,7.122,11.5445,16.653,21.2515,24.5785,25.997500000000002,23.8525,19.5855,15.000499999999999,9.101,4.3454999999999995,27.39,62.32,1182.0,24.423999999999996,32.44016666666667,22.996166666666667,12.347500000000002,23.05195833333333,9.1018874642211,7.248426134779379,5.143445332490909,9.556450600214262,12.893989949212973,14.790000000000001,14.503333333333332,15.9325,14.521666666666668,14.936874999999999,2,1,POINT (62.32 27.39)
236,OIZH,Sistan Va Baluchestan,Zabol,40829,15.031,15.578999999999999,16.727500000000003,16.6995,16.235500000000002,15.059999999999999,13.752499999999998,13.352,15.125499999999999,16.5225,15.768499999999998,15.485500000000002,5.94061793765613,5.3037116518897225,5.816875150457983,4.509936888971542,3.5031264580862027,1.2641068648632707,1.259921049894873,0.0,0.21544346900318836,1.7167886717992338,4.352942035835348,3.7708761598533034,8.502500000000001,12.192,18.702,24.6035,30.284,34.560500000000005,36.262,34.2165,29.6265,23.0015,15.213,9.645999999999999,16.564,20.4835,27.460500000000003,33.2085,38.524,42.176,43.402499999999996,41.2625,37.632,31.802,23.747999999999998,18.005000000000003,1.533,4.9045000000000005,10.733,16.509,22.2885,27.116000000000003,29.65,27.910500000000003,22.5065,15.279499999999999,7.9795,2.5195,31.09,61.54,489.2,24.529833333333332,35.013000000000005,22.613666666666663,10.1135,23.0675,6.921156098957599,1.5900423231485656,4.4403654705519,7.4437871419524,9.418771903373429,16.55416666666667,14.054833333333333,15.8055,15.365166666666667,15.444916666666666,2,1,POINT (61.54 31.09)
237,OIZH,Sistan Va Baluchestan,Zahak,99623,14.334499999999998,14.924,15.8905,16.293,16.006000000000004,14.948999999999998,13.776500000000002,13.703,15.4785,16.366999999999997,15.43,15.079999999999997,6.26030300635683,5.654255806264498,6.087873427388603,5.195336054786077,4.060335335936304,1.866255578408624,3.2075343299958265,0.0,0.0,1.1958187814303487,3.960443442501928,4.066593507000023,10.6375,14.5,21.1145,26.9075,32.6085,36.43,37.833999999999996,35.7465,31.607,25.308500000000002,17.4085,11.7345,16.6025,20.7075,27.399,33.0165,38.2175,41.6645,42.997,41.0115,37.549,31.7375,23.8005,18.107999999999997,2.268,5.7835,11.508500000000002,16.7235,22.211499999999997,26.7155,29.220499999999998,27.3085,22.0705,15.370500000000002,8.3705,3.028,30.9,61.68,495.0,26.876833333333334,36.67016666666667,24.774666666666665,12.290666666666667,25.15308333333334,7.564189796109972,3.40564230384454,3.996455192846871,7.901767483606893,10.097381930964595,16.063166666666664,14.142833333333334,15.758499999999998,14.779499999999999,15.186,2,1,POINT (61.68 30.9)
238,OIZH,Sistan Va Baluchestan,Zahedan,40856,14.6505,14.301000000000002,14.2945,15.135499999999999,15.600999999999999,16.2185,16.304,17.421499999999998,19.1085,18.4325,16.7895,16.712000000000003,6.38553046201894,6.500828296812287,6.505793650973505,5.981424029720886,4.414860224033444,3.1440805941178653,3.2098006818460587,1.6880359523050907,1.091392883061106,3.8224433625033165,4.157662333069158,5.80305031781989,7.6805,10.889,16.398,21.466,26.369,29.7315,30.936500000000002,28.520999999999997,24.5745,19.586000000000002,13.1875,8.2485,15.309999999999999,18.341,23.6005,28.726499999999998,33.5075,36.693,37.881,36.0755,33.399,28.7905,21.997,17.0085,0.6595000000000001,4.04,9.306000000000001,13.591,17.9065,20.4745,21.577,18.654,14.2905,10.358,5.2075000000000005,0.2965,29.47,60.9,1370.0,21.411,29.72966666666667,19.116,8.939333333333332,19.799000000000003,8.317493466466043,4.100773203372263,5.053035459004138,9.006250801636607,11.457080090664817,15.010333333333334,16.647999999999996,18.110166666666668,15.221166666666669,16.247416666666666,2,1,POINT (60.9 29.47)
239,QOQM,Qom,Kahak,99440,9.416,9.6935,10.707999999999998,11.598499999999998,12.642,13.309999999999999,12.353499999999993,12.901999999999997,13.153157894736843,11.996842105263159,9.5975,9.3845,7.282525288237971,7.674260486772962,8.614595730029514,7.820589913264618,6.126481662930664,4.100178457431599,1.9797965984982588,1.9354383203138985,2.80246381775939,5.6799955365963735,7.1930617317346215,6.764695919033475,3.8259999999999996,6.4385,12.246,17.441,23.253999999999998,29.092000000000002,31.464499999999997,29.665499999999998,25.698421052631577,18.664210526315788,10.2485,5.4735,8.2605,10.961,17.2015,22.691499999999998,28.6385,34.5805,36.858999999999995,35.217,31.42,24.063157894736843,14.806000000000001,9.8605,-1.1555,1.2675,6.4935,11.093,15.996500000000001,21.270500000000002,24.5055,22.315,18.26684210526316,12.066315789473684,5.2085,0.476,34.4,50.87,1403.1,17.647,30.073999999999998,18.20371052631579,5.2459999999999996,17.79267763157895,11.045459256486055,4.378476148864907,8.32721506466951,10.47008872016426,14.669357862450784,11.649499999999998,12.855166666666662,11.582500000000001,9.498,11.396291666666665,2,1,POINT (50.87 34.4)
240,QOQM,Qom,Qom,40770,13.097,13.533999999999999,14.763,15.8175,16.710999999999995,17.865,17.083,18.1285,19.005999999999997,17.2085,13.707500000000001,12.897,7.041454696808184,7.16304365880249,7.815681797306648,7.07197842396999,5.388842990756246,3.9480789676068717,3.26012620736633,1.822154193595791,2.684224421034666,4.956828313946662,7.284221879922724,6.76280149514028,4.5155,7.773999999999999,13.725999999999999,19.240000000000002,25.189,31.0365,33.6185,31.404000000000003,26.636000000000003,19.544,11.331,6.0825,11.552,14.885499999999999,21.2885,27.161,33.2255,39.2455,41.583,39.9135,35.913,28.3435,18.728,13.105,-1.545,1.3515000000000001,6.525499999999999,11.3435,16.5145,21.3805,24.5,21.785,16.907,11.135,5.0205,0.20799999999999996,34.77,50.86,879.1,19.385,32.019666666666666,19.170333333333335,6.124,19.17475,9.958494635475219,4.675990429484351,8.080591647033547,10.085795147527566,13.826829413021137,15.763833333333332,17.692166666666665,16.640666666666668,13.176,15.818166666666668,2,1,POINT (50.86 34.77)
241,QOQM,Qom,Salafchegan,40887,9.286499999999998,9.837499999999999,10.965499999999999,11.701,12.959999999999997,13.422499999999992,12.5705,12.727894736842103,12.884444444444444,11.569444444444448,9.452105263157895,9.1365,7.258816068731269,7.938486557681637,8.63391153418296,7.843142482431157,5.273679880491784,3.9015553734769544,1.7705070525345599,1.7705070525345599,2.766348893358617,5.022036072958198,8.0157502209677,7.238706157488249,3.961,6.4375,12.046,17.125,22.988,29.0345,31.3325,29.63157894736842,25.657777777777778,18.91611111111111,10.502105263157894,5.6835,8.879999999999999,11.4865,17.572,22.889,28.945999999999998,34.921499999999995,37.062,35.43631578947368,31.627777777777776,24.46055555555556,15.390526315789474,10.564,-0.40650000000000003,1.6490000000000002,6.6065,11.187999999999999,15.986,21.499000000000002,24.4915,22.70842105263158,18.743333333333332,12.89111111111111,5.938421052631579,1.4275,34.48,50.47,1381.4,17.386333333333333,29.999526315789478,18.358664717348926,5.360666666666667,17.7762977582846,10.837132132589229,4.130879280920103,8.71914575140371,10.806677397869969,14.84000317250364,11.875499999999997,12.9069649122807,11.301998050682263,9.420166666666665,11.376157407407405,2,1,POINT (50.47 34.48)
